Speler,Totaal,Datum,Training#,Idnummer,RPE,Totaal afstand (m),Totaal tijd (s),Gemiddelde snelheid (m/s),S1,S2,S3,S4,S5,Aantal sprints,H5060,H6070,H7080,H8090,H90100,Variabele A,Variabele B,Versnelling_negatief4,Versnelling_negatief3,Versnelling_negatief2,Versnelling_negatief1,Versnelling_positief1,Versnelling_positief2,Versnelling_positief3,Versnelling_positief4
Nana Asare,1,7/21/2015,1,1,3,6996.00,8100.00,0.86,3304.00,1767.00,558.00,826.00,179.00,13.00,2759.00,1840.00,768.00,534.00,14.00,61.03,4.24,,,,,,,,
Kalifa Coulibaly,2,7/21/2015,1,2,3,7310.00,8100.00,0.90,3441.00,1621.00,734.00,934.00,232.00,40.00,1354.00,2397.00,2864.00,1242.00,0.00,48.66,7.07,,,,,,,,
Brecht Dejaegere,3,7/21/2015,1,3,3,7644.00,8100.00,0.94,3590.00,1918.00,859.00,813.00,138.00,5.00,2751.00,2927.00,994.00,277.00,0.00,62.23,6.99,,,,,,,,
Laurent Depoitre,4,7/21/2015,1,4,5,7553.00,8100.00,0.93,3604.00,1947.00,730.00,764.00,201.00,13.00,2583.00,3573.00,933.00,368.00,0.00,63.65,,,,,,,,,
Thomas Foket,5,7/21/2015,1,5,3,8397.00,8100.00,1.04,3144.00,2329.00,1531.00,800.00,246.00,8.00,2283.00,2896.00,1705.00,388.00,0.00,68.49,5.91,,,,,,,,
Haris Hajradinovic,6,7/21/2015,1,6,4,7887.00,8100.00,0.97,3879.00,1787.00,787.00,831.00,283.00,15.00,2624.00,2164.00,930.00,469.00,498.00,65.00,,,,,,,,,
Hatem Elhamed,7,7/21/2015,1,7,5,6718.00,8100.00,0.83,3080.00,1920.00,560.00,696.00,105.00,18.00,2821.00,1526.00,602.00,23.00,0.00,58.01,,,,,,,,,
Sven Kums,8,7/21/2015,1,9,4,6949.00,8100.00,0.86,3314.00,1693.00,765.00,780.00,91.00,2.00,2885.00,2039.00,737.00,324.00,0.00,62.23,,,,,,,,,
Renato Neto,9,7/21/2015,1,11,4,7385.00,8100.00,0.91,3440.00,1705.00,851.00,849.00,210.00,38.00,1665.00,2728.00,1860.00,498.00,168.00,61.10,6.69,,,,,,,,
Lasse Nielsen,10,7/21/2015,1,12,3,7488.00,8100.00,0.92,3306.00,2121.00,784.00,806.00,141.00,8.00,1970.00,2178.00,1612.00,762.00,45.00,57.75,8.03,,,,,,,,
Mustapha Oussalah,11,7/21/2015,1,13,2,7153.00,8100.00,0.88,3672.00,1646.00,677.00,744.00,67.00,5.00,2925.00,1188.00,517.00,162.00,0.00,62.95,,,,,,,,,
Nicklas Pedersen,12,7/21/2015,1,14,5,7060.00,8100.00,0.87,3534.00,1622.00,731.00,727.00,154.00,16.00,1952.00,3392.00,1376.00,689.00,237.00,59.21,,,,,,,,,
Marko Poletanovic,13,7/21/2015,1,15,2,6945.00,8100.00,0.86,3330.00,1939.00,729.00,622.00,54.00,9.00,2837.00,1593.00,566.00,419.00,0.00,58.58,,,,,,,,,
Rafael Rafinha,14,7/21/2015,1,16,6,7681.00,8100.00,0.95,3400.00,1986.00,952.00,828.00,158.00,9.00,2242.00,2008.00,913.00,481.00,0.00,57.53,,,,,,,,,
Benito Raman,15,7/21/2015,1,17,3,7736.00,8100.00,0.96,3086.00,2022.00,1151.00,898.00,259.00,28.00,2508.00,2760.00,1250.00,173.00,0.00,63.14,,,,,,,,,
Kenneth Saief,16,7/21/2015,1,18,5,7158.00,8100.00,0.88,3305.00,1705.00,826.00,790.00,215.00,25.00,3053.00,1293.00,761.00,306.00,0.00,58.58,5.97,,,,,,,,
Moses Simon,17,7/21/2015,1,19,6,6232.00,8100.00,0.77,2836.00,1597.00,487.00,811.00,198.00,13.00,2618.00,1988.00,559.00,293.00,0.00,59.67,,,,,,,,,
Yaya Soumahoro,18,7/21/2015,1,20,3,6879.00,8100.00,0.85,3095.00,2026.00,738.00,618.00,68.00,3.00,2895.00,2584.00,880.00,584.00,0.00,61.05,,,,,,,,,
Serge Tabekou,19,7/21/2015,1,21,5,7024.00,8100.00,0.87,3195.00,1910.00,732.00,658.00,191.00,24.00,2022.00,1648.00,970.00,626.00,27.00,58.37,,,,,,,,,
Hannes Van Der Bruggen,20,7/21/2015,1,22,2,8270.00,8100.00,1.02,3636.00,2354.00,1005.00,804.00,150.00,8.00,2355.00,2408.00,1011.00,157.00,0.00,61.96,6.10,,,,,,,,
Uros Vitas,21,7/21/2015,1,23,3,7289.00,8100.00,0.90,2643.00,2370.00,888.00,866.00,185.00,59.00,2136.00,2288.00,1806.00,803.00,59.00,57.63,,,,,,,,,
Nana Asare,22,7/23/2015,2,1,6,3816.00,3562.00,1.07,1430.00,962.00,583.00,401.00,302.00,14.00,484.00,697.00,726.00,896.00,713.00,61.03,4.24,,,,,,,,
Kalifa Coulibaly,23,7/23/2015,2,2,5,4015.00,3562.00,1.13,1591.00,1664.00,403.00,175.00,108.00,6.00,262.00,587.00,1388.00,1145.00,168.00,48.66,7.07,,,,,,,,
Brecht Dejaegere,24,7/23/2015,2,3,6,3982.00,3562.00,1.12,1605.00,773.00,702.00,460.00,290.00,16.00,543.00,897.00,623.00,1370.00,129.00,62.23,6.99,,,,,,,,
Laurent Depoitre,25,7/23/2015,2,4,5,3891.00,3562.00,1.09,1609.00,877.00,562.00,413.00,313.00,9.00,684.00,573.00,1065.00,1224.00,0.00,63.65,,,,,,,,,
Thomas Foket,26,7/23/2015,2,5,5,4941.00,3562.00,1.39,1415.00,1509.00,1051.00,508.00,340.00,14.00,408.00,949.00,1097.00,1008.00,96.00,68.49,5.91,,,,,,,,
Haris Hajradinovic,27,7/23/2015,2,7,5,4441.00,3562.00,1.25,1172.00,1357.00,1115.00,482.00,198.00,7.00,770.00,1011.00,998.00,754.00,15.00,58.01,,,,,,,,,
Hatem Elhamed,28,7/23/2015,2,6,2,4134.00,3562.00,1.16,1524.00,988.00,686.00,411.00,426.00,18.00,825.00,590.00,885.00,925.00,0.00,65.00,,,,,,,,,
Sven Kums,29,7/23/2015,2,9,5,4242.00,3562.00,1.19,1528.00,933.00,855.00,538.00,256.00,13.00,716.00,704.00,844.00,1119.00,133.00,62.23,,,,,,,,,
Danijel Milicevic,30,7/23/2015,2,10,6,4759.00,3562.00,1.34,1141.00,1847.00,964.00,530.00,194.00,2.00,841.00,687.00,1079.00,641.00,12.00,57.44,7.20,,,,,,,,
Renato Neto,31,7/23/2015,2,11,5,4524.00,3562.00,1.27,1650.00,960.00,913.00,497.00,372.00,22.00,106.00,764.00,797.00,1329.00,566.00,61.10,6.69,,,,,,,,
Lasse Nielsen,32,7/23/2015,2,12,5,3822.00,3562.00,1.07,1500.00,875.00,654.00,414.00,234.00,10.00,842.00,569.00,553.00,1190.00,354.00,57.75,8.03,,,,,,,,
Mustapha Oussalah,33,7/23/2015,2,13,4,4122.00,3562.00,1.16,1879.00,893.00,667.00,380.00,168.00,13.00,866.00,715.00,987.00,753.00,0.00,62.95,,,,,,,,,
Marko Poletanovic,34,7/23/2015,2,15,7,4166.00,3562.00,1.17,1767.00,981.00,747.00,349.00,217.00,14.00,596.00,701.00,765.00,1133.00,312.00,58.58,,,,,,,,,
Rafael Rafinha,35,7/23/2015,2,16,6,4079.00,3562.00,1.15,1613.00,866.00,827.00,403.00,262.00,11.00,633.00,526.00,827.00,1227.00,324.00,57.53,,,,,,,,,
Benito Raman,36,7/23/2015,2,17,5,3777.00,3562.00,1.06,1244.00,861.00,718.00,559.00,272.00,14.00,750.00,888.00,1067.00,818.00,0.00,63.14,,,,,,,,,
Kenneth Saief,37,7/23/2015,2,18,5,4368.00,3562.00,1.23,1498.00,1374.00,781.00,373.00,188.00,24.00,399.00,754.00,800.00,1052.00,539.00,58.58,5.97,,,,,,,,
Moses Simon,38,7/23/2015,2,19,4,3668.00,3562.00,1.03,1316.00,845.00,724.00,411.00,239.00,1.00,1087.00,718.00,953.00,497.00,65.00,59.67,,,,,,,,,
Yaya Soumahoro,39,7/23/2015,2,20,5,3853.00,3562.00,1.08,1523.00,875.00,629.00,387.00,320.00,22.00,734.00,854.00,694.00,1072.00,121.00,61.05,,,,,,,,,
Serge Tabekou,40,7/23/2015,2,21,4,4227.00,3562.00,1.19,1288.00,1317.00,818.00,439.00,270.00,16.00,792.00,439.00,557.00,931.00,176.00,58.37,,,,,,,,,
Hannes Van Der Bruggen,41,7/23/2015,2,22,6,4547.00,3562.00,1.28,1622.00,1058.00,840.00,596.00,305.00,20.00,839.00,664.00,744.00,1169.00,115.00,61.96,6.10,,,,,,,,
Uros Vitas,42,7/23/2015,2,23,7,3895.00,3562.00,1.09,1647.00,947.00,595.00,234.00,365.00,72.00,485.00,584.00,498.00,1564.00,394.00,57.63,,,,,,,,,
Nana Asare,43,7/27/2015,3,1,3,5033.00,5400.00,0.93,1063.00,3966.00,0.00,0.00,0.00,0.00,69.00,2289.00,99.00,0.00,0.00,61.03,4.24,,,,,,,,
Kalifa Coulibaly,44,7/27/2015,3,2,4,8217.00,5400.00,1.52,4430.00,2181.00,582.00,435.00,134.00,13.00,560.00,2218.00,2931.00,1544.00,287.00,48.66,7.07,,,,,,,,
Brecht Dejaegere,45,7/27/2015,3,3,3,6968.00,5400.00,1.29,148.00,5199.00,1599.00,0.00,0.00,0.00,32.00,2398.00,0.00,0.00,0.00,62.23,6.99,,,,,,,,
Laurent Depoitre,46,7/27/2015,3,4,3,5489.00,5400.00,1.02,411.00,5069.00,3.00,0.00,0.00,0.00,62.00,2342.00,4.00,0.00,0.00,63.65,,,,,,,,,
Thomas Foket,47,7/27/2015,3,5,2,6171.00,5400.00,1.14,226.00,5920.00,9.00,0.00,0.00,0.00,55.00,2307.00,60.00,0.00,0.00,68.49,5.91,,,,,,,,
Hatem Elhamed,48,7/27/2015,3,6,5,8374.00,5400.00,1.55,4261.00,2246.00,728.00,483.00,360.00,33.00,2126.00,2082.00,477.00,691.00,0.00,65.00,,,,,,,,,
Sven Kums,49,7/27/2015,3,9,3,6175.00,5400.00,1.14,128.00,6010.00,21.00,0.00,0.00,0.00,194.00,2202.00,41.00,0.00,0.00,62.23,,,,,,,,,
Danijel Milicevic,50,7/27/2015,3,10,4,7114.00,5400.00,1.32,3172.00,2316.00,719.00,408.00,175.00,14.00,2112.00,1521.00,770.00,130.00,0.00,57.44,7.20,,,,,,,,
Renato Neto,51,7/27/2015,3,11,2,5923.00,5400.00,1.10,176.00,5666.00,52.00,0.00,0.00,0.00,34.00,262.00,2144.00,26.00,0.00,61.10,6.69,,,,,,,,
Lasse Nielsen,52,7/27/2015,3,12,1,6291.00,5400.00,1.17,540.00,5671.00,65.00,0.00,0.00,0.00,58.00,1917.00,654.00,1.00,0.00,57.75,8.03,,,,,,,,
Mustapha Oussalah,53,7/27/2015,3,13,5,7811.00,5400.00,1.45,3535.00,2206.00,795.00,624.00,394.00,31.00,2284.00,1889.00,592.00,656.00,26.00,62.95,,,,,,,,,
Nicklas Pedersen,54,7/27/2015,3,14,7,7542.00,5400.00,1.40,3914.00,1619.00,558.00,730.00,358.00,32.00,1964.00,2972.00,1783.00,586.00,288.00,59.21,,,,,,,,,
Rafael Rafinha,55,7/27/2015,3,16,5,5675.00,5400.00,1.05,165.00,5494.00,0.00,0.00,0.00,0.00,143.00,1145.00,1232.00,0.00,0.00,57.53,,,,,,,,,
Benito Raman,56,7/27/2015,3,17,4,7516.00,5400.00,1.39,3336.00,2217.00,770.00,493.00,374.00,32.00,2809.00,1750.00,907.00,727.00,6.00,63.14,,,,,,,,,
Kenneth Saief,57,7/27/2015,3,18,4,5088.00,5400.00,0.94,2512.00,1581.00,363.00,334.00,53.00,24.00,2621.00,1947.00,550.00,0.00,0.00,58.58,5.97,,,,,,,,
Moses Simon,58,7/27/2015,3,19,6,6910.00,5400.00,1.28,2889.00,2188.00,725.00,481.00,299.00,25.00,2256.00,2384.00,1106.00,438.00,266.00,59.67,,,,,,,,,
Yaya Soumahoro,59,7/27/2015,3,20,4,8567.00,5400.00,1.59,3257.00,2799.00,906.00,632.00,622.00,42.00,1999.00,2335.00,1519.00,715.00,190.00,61.05,,,,,,,,,
Serge Tabekou,60,7/27/2015,3,21,4,8238.00,5400.00,1.53,4258.00,2027.00,749.00,551.00,296.00,33.00,2232.00,2075.00,702.00,441.00,66.00,58.37,,,,,,,,,
Hannes Van Der Bruggen,61,7/27/2015,3,22,5,8449.00,5400.00,1.56,3730.00,2693.00,856.00,574.00,254.00,28.00,2836.00,1469.00,601.00,726.00,91.00,61.96,6.10,,,,,,,,
Uros Vitas,62,7/27/2015,3,23,4,7862.00,5400.00,1.46,3682.00,2301.00,810.00,503.00,234.00,59.00,2250.00,2019.00,1471.00,620.00,382.00,57.63,,,,,,,,,
Nana Asare,63,7/29/2015,4,1,3,4014.00,3793.00,1.06,1505.00,1315.00,589.00,232.00,257.00,7.00,756.00,702.00,960.00,278.00,645.00,61.03,4.24,,,,,,,,
Kalifa Coulibaly,64,7/29/2015,4,2,4,4554.00,3793.00,1.20,1649.00,1358.00,644.00,308.00,462.00,9.00,738.00,709.00,1121.00,1008.00,217.00,48.66,7.07,,,,,,,,
Brecht Dejaegere,65,7/29/2015,4,3,3,4501.00,3793.00,1.19,1653.00,1246.00,850.00,437.00,181.00,2.00,988.00,889.00,1176.00,463.00,197.00,62.23,6.99,,,,,,,,
Laurent Depoitre,66,7/29/2015,4,4,3,4354.00,3793.00,1.15,1741.00,1258.00,695.00,305.00,230.00,3.00,1072.00,1173.00,553.00,174.00,0.00,63.65,,,,,,,,,
Thomas Foket,67,7/29/2015,4,5,4,4797.00,3793.00,1.26,1604.00,1174.00,1013.00,547.00,310.00,5.00,637.00,1043.00,1115.00,621.00,302.00,68.49,5.91,,,,,,,,
Hatem Elhamed,68,7/29/2015,4,6,3,4376.00,3793.00,1.15,1659.00,1293.00,801.00,228.00,251.00,6.00,967.00,830.00,517.00,526.00,0.00,65.00,,,,,,,,,
Sven Kums,69,7/29/2015,4,9,3,4362.00,3793.00,1.15,1706.00,1159.00,876.00,312.00,179.00,1.00,881.00,1074.00,274.00,306.00,329.00,62.23,,,,,,,,,
Danijel Milicevic,70,7/29/2015,4,10,3,4345.00,3793.00,1.15,1656.00,1012.00,762.00,462.00,333.00,4.00,996.00,876.00,252.00,418.00,206.00,57.44,7.20,,,,,,,,
Renato Neto,71,7/29/2015,4,11,4,4390.00,3793.00,1.16,1452.00,1145.00,1012.00,366.00,259.00,7.00,1158.00,897.00,930.00,304.00,464.00,61.10,6.69,,,,,,,,
Lasse Nielsen,72,7/29/2015,4,12,3,4347.00,3793.00,1.15,1594.00,1351.00,682.00,346.00,242.00,2.00,1021.00,815.00,841.00,575.00,343.00,57.75,8.03,,,,,,,,
Nicklas Pedersen,73,7/29/2015,4,14,3,2766.00,3793.00,0.73,1284.00,888.00,304.00,115.00,75.00,3.00,1358.00,879.00,690.00,125.00,0.00,59.21,,,,,,,,,
Marko Poletanovic,74,7/29/2015,4,15,3,4773.00,3793.00,1.26,1627.00,1382.00,993.00,415.00,219.00,5.00,690.00,1220.00,635.00,285.00,531.00,58.58,,,,,,,,,
Rafael Rafinha,75,7/29/2015,4,16,4,4396.00,3793.00,1.16,1668.00,1186.00,646.00,438.00,294.00,2.00,799.00,764.00,834.00,543.00,214.00,57.53,,,,,,,,,
Benito Raman,76,7/29/2015,4,17,4,4446.00,3793.00,1.17,1540.00,1222.00,900.00,369.00,283.00,5.00,950.00,1087.00,734.00,646.00,0.00,63.14,,,,,,,,,
Kenneth Saief,77,7/29/2015,4,18,4,4538.00,3793.00,1.20,1778.00,1055.00,958.00,366.00,228.00,5.00,1104.00,890.00,890.00,308.00,430.00,58.58,5.97,,,,,,,,
Moses Simon,78,7/29/2015,4,19,2,3978.00,3793.00,1.05,1261.00,1172.00,877.00,263.00,259.00,0.00,1067.00,874.00,938.00,596.00,169.00,59.67,,,,,,,,,
Yaya Soumahoro,79,7/29/2015,4,20,2,4386.00,3793.00,1.16,1485.00,1463.00,722.00,228.00,328.00,6.00,804.00,895.00,1004.00,590.00,333.00,61.05,,,,,,,,,
Serge Tabekou,80,7/29/2015,4,21,3,2712.00,3793.00,0.72,1111.00,750.00,412.00,163.00,115.00,8.00,728.00,656.00,432.00,194.00,0.00,58.37,,,,,,,,,
Hannes Van Der Bruggen,81,7/29/2015,4,22,4,4844.00,3793.00,1.28,1793.00,1271.00,923.00,415.00,309.00,3.00,778.00,1026.00,689.00,326.00,317.00,61.96,6.10,,,,,,,,
Uros Vitas,82,7/29/2015,4,23,3,4238.00,3793.00,1.12,1635.00,1235.00,714.00,307.00,193.00,20.00,813.00,1036.00,970.00,421.00,138.00,57.63,,,,,,,,,
Kalifa Coulibaly,83,8/1/2015,5,2,4,5761.00,5400.00,1.07,3180.00,1479.00,449.00,346.00,31.00,13.00,358.00,679.00,1256.00,1546.00,1163.00,48.66,7.07,,,,,,,,
Brecht Dejaegere,84,8/1/2015,5,3,2,6204.00,5400.00,1.15,174.00,5675.00,321.00,0.00,0.00,0.00,153.00,2187.00,0.00,0.00,0.00,62.23,6.99,,,,,,,,
Thomas Foket,85,8/1/2015,5,5,2,6036.00,5400.00,1.12,169.00,5849.00,0.00,0.00,0.00,0.00,1353.00,1056.00,0.00,0.00,0.00,68.49,5.91,,,,,,,,
Haris Hajradinovic,86,8/1/2015,5,7,5,6814.00,5400.00,1.26,3383.00,1631.00,887.00,426.00,271.00,12.00,341.00,994.00,1347.00,1286.00,1241.00,58.01,,,,,,,,,
Hatem Elhamed,87,8/1/2015,5,6,4,6705.00,5400.00,1.24,3070.00,1462.00,797.00,520.00,634.00,15.00,1546.00,993.00,1023.00,988.00,0.00,65.00,,,,,,,,,
Erik Johansson,88,8/1/2015,5,8,5,6624.00,5400.00,1.23,2832.00,1605.00,771.00,501.00,688.00,15.00,232.00,687.00,1281.00,1767.00,1666.00,62.46,,,,,,,,,
Danijel Milicevic,89,8/1/2015,5,10,2,5938.00,5400.00,1.10,368.00,5505.00,39.00,0.00,0.00,0.00,1732.00,384.00,0.00,0.00,0.00,57.44,7.20,,,,,,,,
Renato Neto,90,8/1/2015,5,11,2,973.00,5400.00,0.18,681.00,104.00,1.00,0.00,0.00,0.00,1883.00,392.00,123.00,0.00,0.00,61.10,6.69,,,,,,,,
Lasse Nielsen,91,8/1/2015,5,12,2,931.00,5400.00,0.17,627.00,101.00,4.00,3.00,2.00,0.00,1021.00,297.00,71.00,0.00,0.00,57.75,8.03,,,,,,,,
Mustapha Oussalah,92,8/1/2015,5,13,5,6524.00,5400.00,1.21,3436.00,1427.00,680.00,328.00,422.00,5.00,835.00,1524.00,1199.00,1360.00,464.00,62.95,,,,,,,,,
Nicklas Pedersen,93,8/1/2015,5,14,6,6813.00,5400.00,1.26,3813.00,1353.00,515.00,359.00,447.00,32.00,483.00,1478.00,1294.00,1517.00,1095.00,59.21,,,,,,,,,
Marko Poletanovic,94,8/1/2015,5,15,5,6575.00,5400.00,1.22,3328.00,1625.00,670.00,385.00,324.00,17.00,1056.00,1156.00,838.00,1143.00,545.00,58.58,,,,,,,,,
Rafael Rafinha,95,8/1/2015,5,16,3,6180.00,5400.00,1.14,595.00,5562.00,3.00,0.00,0.00,20.00,117.00,2268.00,78.00,0.00,0.00,57.53,,,,,,,,,
Benito Raman,96,8/1/2015,5,17,3,6329.00,5400.00,1.17,3192.00,1329.00,717.00,456.00,394.00,10.00,578.00,1693.00,1282.00,1231.00,739.00,63.14,,,,,,,,,
Kenneth Saief,97,8/1/2015,5,18,8,6528.00,5400.00,1.21,2856.00,1724.00,747.00,548.00,360.00,0.00,1102.00,1433.00,1202.00,898.00,899.00,58.58,5.97,,,,,,,,
Moses Simon,98,8/1/2015,5,19,2,5938.00,5400.00,1.10,777.00,4973.00,174.00,0.00,0.00,0.00,171.00,2327.00,8.00,0.00,0.00,59.67,,,,,,,,,
Yaya Soumahoro,99,8/1/2015,5,20,5,5942.00,5400.00,1.10,3029.00,1309.00,650.00,369.00,346.00,23.00,961.00,1462.00,954.00,1030.00,461.00,61.05,,,,,,,,,
Serge Tabekou,100,8/1/2015,5,21,4,6154.00,5400.00,1.14,3226.00,1385.00,657.00,386.00,310.00,21.00,781.00,1088.00,1124.00,830.00,1003.00,58.37,,,,,,,,,
Hannes Van Der Bruggen,101,8/1/2015,5,22,7,7472.00,5400.00,1.38,3318.00,1524.00,915.00,625.00,800.00,7.00,532.00,1574.00,1265.00,836.00,1308.00,61.96,6.10,,,,,,,,
Uros Vitas,102,8/1/2015,5,23,4,5735.00,5400.00,1.06,3180.00,1371.00,503.00,252.00,178.00,37.00,870.00,1182.00,783.00,1194.00,701.00,57.63,,,,,,,,,
Nana Asare,103,8/3/2015,6,1,7,10194.00,4314.00,2.36,897.00,1899.00,7116.00,240.00,0.00,0.00,1002.00,568.00,193.00,1072.00,1205.00,61.03,4.24,,,,,,,,
Kalifa Coulibaly,104,8/3/2015,6,2,7,10081.00,4314.00,2.34,813.00,2857.00,6084.00,304.00,0.00,0.00,523.00,1068.00,598.00,775.00,1290.00,48.66,7.07,,,,,,,,
Brecht Dejaegere,105,8/3/2015,6,3,9,11310.00,4314.00,2.62,477.00,2471.00,7546.00,779.00,19.00,0.00,582.00,1108.00,379.00,1367.00,855.00,62.23,6.99,,,,,,,,
Thomas Foket,106,8/3/2015,6,5,6,9553.00,4314.00,2.21,367.00,5226.00,3527.00,367.00,32.00,0.00,945.00,848.00,456.00,1338.00,566.00,68.49,5.91,,,,,,,,
Hatem Elhamed,107,8/3/2015,6,6,9,5554.00,4314.00,1.29,3954.00,1571.00,0.00,0.00,0.00,0.00,785.00,1017.00,253.00,2118.00,0.00,65.00,,,,,,,,,
Sven Kums,108,8/3/2015,6,9,6,7754.00,4314.00,1.80,296.00,2690.00,4643.00,111.00,0.00,0.00,18.00,266.00,585.00,992.00,779.00,62.23,,,,,,,,,
Renato Neto,109,8/3/2015,6,11,8,10424.00,4314.00,2.42,415.00,2278.00,7273.00,431.00,0.00,0.00,507.00,1269.00,254.00,788.00,1384.00,61.10,6.69,,,,,,,,
Lasse Nielsen,110,8/3/2015,6,12,7,11209.00,4314.00,2.60,525.00,2482.00,8007.00,159.00,18.00,0.00,361.00,1135.00,387.00,829.00,1481.00,57.75,8.03,,,,,,,,
Mustapha Oussalah,111,8/3/2015,6,13,5,10509.00,4314.00,2.44,718.00,2223.00,7350.00,180.00,0.00,0.00,1007.00,686.00,1108.00,1075.00,136.00,62.95,,,,,,,,,
Rafael Rafinha,112,8/3/2015,6,16,9,10447.00,4314.00,2.42,434.00,4274.00,5541.00,169.00,0.00,0.00,295.00,1019.00,375.00,611.00,1828.00,57.53,,,,,,,,,
Kenneth Saief,113,8/3/2015,6,18,9,10926.00,4314.00,2.53,439.00,2408.00,6711.00,1263.00,72.00,0.00,1163.00,513.00,198.00,1110.00,985.00,58.58,5.97,,,,,,,,
Moses Simon,114,8/3/2015,6,19,9,11277.00,4314.00,2.61,379.00,2373.00,6590.00,1864.00,15.00,0.00,487.00,1240.00,268.00,485.00,1747.00,59.67,,,,,,,,,
Yaya Soumahoro,115,8/3/2015,6,20,10,10222.00,4314.00,2.37,533.00,4852.00,4653.00,147.00,0.00,0.00,294.00,1232.00,265.00,1351.00,961.00,61.05,,,,,,,,,
Serge Tabekou,116,8/3/2015,6,21,7,9920.00,4314.00,2.30,433.00,5692.00,3663.00,79.00,13.00,0.00,526.00,890.00,288.00,733.00,1652.00,58.37,,,,,,,,,
Hannes Van Der Bruggen,117,8/3/2015,6,22,7,10386.00,4314.00,2.41,419.00,3833.00,5148.00,933.00,9.00,0.00,975.00,826.00,200.00,936.00,1200.00,61.96,6.10,,,,,,,,
Uros Vitas,118,8/3/2015,6,23,5,8165.00,4314.00,1.89,969.00,6988.00,169.00,8.00,0.00,0.00,485.00,938.00,437.00,1156.00,1094.00,57.63,,,,,,,,,
Nana Asare,119,8/4/2015,7,1,5,9043.00,8100.00,1.12,3890.00,2495.00,1133.00,592.00,608.00,9.00,1232.00,1714.00,1531.00,708.00,956.00,61.03,4.24,,,,,,,,
Kalifa Coulibaly,120,8/4/2015,7,2,4,9512.00,8100.00,1.17,4387.00,2569.00,995.00,671.00,611.00,12.00,1369.00,1696.00,2422.00,1551.00,121.00,48.66,7.07,,,,,,,,
Brecht Dejaegere,121,8/4/2015,7,3,6,10178.00,8100.00,1.26,4033.00,3033.00,1442.00,756.00,614.00,2.00,1672.00,1956.00,1946.00,1290.00,118.00,62.23,6.99,,,,,,,,
Thomas Foket,122,8/4/2015,7,5,4,10533.00,8100.00,1.30,3666.00,3190.00,1785.00,725.00,815.00,13.00,1493.00,2093.00,2256.00,1215.00,91.00,68.49,5.91,,,,,,,,
Hatem Elhamed,123,8/4/2015,7,6,6,10072.00,8100.00,1.24,4463.00,2744.00,1365.00,751.00,443.00,13.00,1984.00,2531.00,1103.00,515.00,0.00,65.00,,,,,,,,,
Erik Johansson,124,8/4/2015,7,8,4,9458.00,8100.00,1.17,3264.00,3315.00,1684.00,630.00,315.00,2.00,1646.00,1354.00,3050.00,1006.00,17.00,62.46,,,,,,,,,
Sven Kums,125,8/4/2015,7,9,5,10009.00,8100.00,1.24,3883.00,2911.00,1649.00,897.00,403.00,0.00,1882.00,2170.00,1224.00,792.00,506.00,62.23,,,,,,,,,
Danijel Milicevic,126,8/4/2015,7,10,5,9639.00,8100.00,1.19,4050.00,2713.00,1409.00,757.00,440.00,1.00,1901.00,2151.00,1064.00,789.00,325.00,57.44,7.20,,,,,,,,
Renato Neto,127,8/4/2015,7,11,5,10173.00,8100.00,1.26,4397.00,2624.00,1627.00,681.00,519.00,17.00,1319.00,1537.00,2352.00,1439.00,591.00,61.10,6.69,,,,,,,,
Lasse Nielsen,128,8/4/2015,7,12,5,8950.00,8100.00,1.10,3658.00,2999.00,1153.00,528.00,326.00,1.00,1525.00,1737.00,1872.00,774.00,183.00,57.75,8.03,,,,,,,,
Mustapha Oussalah,129,8/4/2015,7,13,5,10086.00,8100.00,1.25,4622.00,2657.00,919.00,835.00,752.00,6.00,2386.00,1795.00,1418.00,391.00,0.00,62.95,,,,,,,,,
Marko Poletanovic,130,8/4/2015,7,15,5,9121.00,8100.00,1.13,4000.00,3604.00,752.00,353.00,140.00,8.00,1742.00,1697.00,1628.00,1050.00,273.00,58.58,,,,,,,,,
Rafael Rafinha,131,8/4/2015,7,16,5,9343.00,8100.00,1.15,4000.00,2599.00,1512.00,628.00,318.00,7.00,1083.00,1979.00,2243.00,1055.00,21.00,57.53,,,,,,,,,
Benito Raman,132,8/4/2015,7,17,4,10055.00,8100.00,1.24,3814.00,2931.00,1503.00,856.00,562.00,19.00,1656.00,2470.00,2201.00,1123.00,2.00,63.14,,,,,,,,,
Kenneth Saief,133,8/4/2015,7,18,6,10292.00,8100.00,1.27,4733.00,2753.00,1434.00,637.00,450.00,14.00,1841.00,2320.00,1565.00,838.00,478.00,58.58,5.97,,,,,,,,
Moses Simon,134,8/4/2015,7,19,4,8608.00,8100.00,1.06,3133.00,2676.00,1510.00,561.00,371.00,3.00,1524.00,2123.00,1922.00,629.00,18.00,59.67,,,,,,,,,
Yaya Soumahoro,135,8/4/2015,7,20,5,8983.00,8100.00,1.11,3488.00,2895.00,1299.00,526.00,442.00,7.00,1783.00,1953.00,2317.00,1171.00,16.00,61.05,,,,,,,,,
Hannes Van Der Bruggen,136,8/4/2015,7,22,6,9976.00,8100.00,1.23,3897.00,3131.00,1485.00,787.00,387.00,2.00,1745.00,1731.00,1935.00,937.00,128.00,61.96,6.10,,,,,,,,
Uros Vitas,137,8/4/2015,7,23,4,9837.00,8100.00,1.21,3921.00,2814.00,1377.00,776.00,594.00,41.00,939.00,1346.00,1676.00,2477.00,320.00,57.63,,,,,,,,,
Nana Asare,138,8/6/2015,8,1,2,4861.00,5400.00,0.90,2361.00,1354.00,315.00,244.00,342.00,4.00,1338.00,1355.00,1618.00,620.00,0.00,61.03,4.24,,,,,,,,
Kalifa Coulibaly,139,8/6/2015,8,2,4,5115.00,5400.00,0.95,2257.00,1476.00,472.00,381.00,358.00,12.00,753.00,1026.00,2648.00,713.00,0.00,48.66,7.07,,,,,,,,
Brecht Dejaegere,140,8/6/2015,8,3,3,4959.00,5400.00,0.92,2003.00,1620.00,430.00,376.00,332.00,3.00,816.00,2043.00,2071.00,205.00,0.00,62.23,6.99,,,,,,,,
Laurent Depoitre,141,8/6/2015,8,4,3,5459.00,5400.00,1.01,2624.00,1754.00,461.00,215.00,180.00,5.00,719.00,2108.00,2125.00,210.00,0.00,63.65,,,,,,,,,
Thomas Foket,142,8/6/2015,8,5,2,5421.00,5400.00,1.00,2282.00,1562.00,759.00,297.00,304.00,10.00,1553.00,1470.00,1588.00,449.00,0.00,68.49,5.91,,,,,,,,
Haris Hajradinovic,143,8/6/2015,8,7,5,5353.00,5400.00,0.99,2053.00,1730.00,587.00,330.00,466.00,18.00,1198.00,1689.00,1640.00,385.00,4.00,58.01,,,,,,,,,
Hatem Elhamed,144,8/6/2015,8,6,3,5137.00,5400.00,0.95,2405.00,1521.00,541.00,223.00,251.00,1.00,1469.00,1742.00,770.00,0.00,0.00,65.00,,,,,,,,,
Erik Johansson,145,8/6/2015,8,8,3,5095.00,5400.00,0.94,1819.00,1683.00,800.00,434.00,193.00,3.00,1089.00,1725.00,1908.00,170.00,0.00,62.46,,,,,,,,,
Sven Kums,146,8/6/2015,8,9,4,4493.00,5400.00,0.83,2191.00,1343.00,452.00,248.00,62.00,4.00,2249.00,1465.00,768.00,194.00,0.00,62.23,,,,,,,,,
Thomas Matton,147,8/6/2015,8,24,2,5330.00,5400.00,0.99,1713.00,1940.00,804.00,346.00,333.00,0.00,925.00,1436.00,1647.00,910.00,26.00,67.45,4.49,,,,,,,,
Danijel Milicevic,148,8/6/2015,8,10,4,4781.00,5400.00,0.89,2130.00,1458.00,470.00,351.00,207.00,0.00,1524.00,1742.00,819.00,88.00,0.00,57.44,7.20,,,,,,,,
Renato Neto,149,8/6/2015,8,11,3,4802.00,5400.00,0.89,2433.00,1456.00,398.00,122.00,101.00,9.00,1593.00,1590.00,1472.00,421.00,0.00,61.10,6.69,,,,,,,,
Lasse Nielsen,150,8/6/2015,8,12,3,5402.00,5400.00,1.00,2103.00,1792.00,770.00,294.00,227.00,4.00,945.00,1321.00,1406.00,1122.00,0.00,57.75,8.03,,,,,,,,
Mustapha Oussalah,151,8/6/2015,8,13,2,4935.00,5400.00,0.91,2030.00,1521.00,546.00,365.00,273.00,12.00,1636.00,1503.00,718.00,17.00,0.00,62.95,,,,,,,,,
Nicklas Pedersen,152,8/6/2015,8,14,4,4824.00,5400.00,0.89,2478.00,1181.00,325.00,256.00,315.00,16.00,620.00,1450.00,1989.00,1088.00,0.00,59.21,,,,,,,,,
Marko Poletanovic,153,8/6/2015,8,15,3,4409.00,5400.00,0.82,2351.00,1240.00,360.00,124.00,113.00,1.00,2458.00,1491.00,616.00,0.00,0.00,58.58,,,,,,,,,
Rafael Rafinha,154,8/6/2015,8,16,3,5400.00,5400.00,1.00,1820.00,1603.00,959.00,433.00,367.00,12.00,984.00,1051.00,1813.00,815.00,0.00,57.53,,,,,,,,,
Benito Raman,155,8/6/2015,8,17,3,5233.00,5400.00,0.97,2094.00,1531.00,644.00,477.00,272.00,13.00,1639.00,1741.00,1441.00,177.00,0.00,63.14,,,,,,,,,
Kenneth Saief,156,8/6/2015,8,18,3,4657.00,5400.00,0.86,2345.00,1334.00,344.00,255.00,162.00,1.00,2219.00,1323.00,843.00,195.00,0.00,58.58,5.97,,,,,,,,
Moses Simon,157,8/6/2015,8,19,3,4830.00,5400.00,0.89,1851.00,1491.00,534.00,313.00,439.00,7.00,1384.00,2118.00,1143.00,114.00,0.00,59.67,,,,,,,,,
Yaya Soumahoro,158,8/6/2015,8,20,3,5455.00,5400.00,1.01,2013.00,1765.00,668.00,307.00,486.00,5.00,1081.00,1581.00,1802.00,640.00,0.00,61.05,,,,,,,,,
Serge Tabekou,159,8/6/2015,8,21,2,5612.00,5400.00,1.04,2165.00,1734.00,588.00,394.00,499.00,10.00,1022.00,1231.00,1548.00,842.00,0.00,58.37,,,,,,,,,
Hannes Van Der Bruggen,160,8/6/2015,8,22,2,4964.00,5400.00,0.92,2163.00,1773.00,545.00,147.00,99.00,5.00,1928.00,1431.00,996.00,105.00,0.00,61.96,6.10,,,,,,,,
Uros Vitas,161,8/6/2015,8,23,4,4809.00,5400.00,0.89,1878.00,1590.00,554.00,374.00,191.00,29.00,1110.00,1371.00,1173.00,1423.00,9.00,57.63,,,,,,,,,
Nana Asare,162,8/10/2015,9,1,3,3949.00,5111.00,0.77,98.00,3844.00,0.00,0.00,0.00,0.00,731.00,1948.00,1324.00,1049.00,38.00,61.03,4.24,,,,,,,,
Brecht Dejaegere,163,8/10/2015,9,3,2,4186.00,5111.00,0.82,168.00,3917.00,89.00,0.00,0.00,0.00,68.00,1314.00,131.00,0.00,0.00,62.23,6.99,,,,,,,,
Laurent Depoitre,164,8/10/2015,9,4,4,3718.00,5111.00,0.73,284.00,3309.00,114.00,0.00,0.00,0.00,123.00,1447.00,0.00,0.00,0.00,63.65,,,,,,,,,
Thomas Foket,165,8/10/2015,9,5,2,4134.00,5111.00,0.81,152.00,3558.00,415.00,0.00,0.00,0.00,118.00,836.00,1283.00,1234.00,1635.00,68.49,5.91,,,,,,,,
Erik Johansson,166,8/10/2015,9,8,3,4233.00,5111.00,0.83,534.00,3648.00,43.00,0.00,0.00,0.00,75.00,1595.00,0.00,0.00,0.00,62.46,,,,,,,,,
Sven Kums,167,8/10/2015,9,9,2,4407.00,5111.00,0.86,100.00,4239.00,65.00,0.00,0.00,0.00,0.00,0.00,0.00,0.00,0.00,62.23,,,,,,,,,
Danijel Milicevic,168,8/10/2015,9,10,4,3600.00,5111.00,0.70,196.00,3393.00,3.00,0.00,0.00,0.00,166.00,877.00,1163.00,0.00,0.00,57.44,7.20,,,,,,,,
Renato Neto,169,8/10/2015,9,11,2,3137.00,5111.00,0.61,1126.00,1923.00,18.00,0.00,2.00,0.00,1330.00,1502.00,968.00,1082.00,180.00,61.10,6.69,,,,,,,,
Lasse Nielsen,170,8/10/2015,9,12,2,4709.00,5111.00,0.92,2032.00,1503.00,653.00,209.00,87.00,5.00,5.00,2.00,16.00,0.00,0.00,57.75,8.03,,,,,,,,
Nana Asare,171,8/12/2015,10,1,8,5543.00,3060.00,1.81,1212.00,2537.00,209.00,1429.00,118.00,0.00,698.00,772.00,138.00,360.00,405.00,61.03,4.24,,,,,,,,
Laurent Depoitre,172,8/12/2015,10,4,8,7231.00,3060.00,2.36,676.00,3878.00,265.00,2107.00,294.00,0.00,781.00,718.00,551.00,525.00,427.00,63.65,,,,,,,,,
Thomas Foket,173,8/12/2015,10,5,7,7649.00,3060.00,2.50,619.00,4196.00,346.00,1275.00,1187.00,1.00,1026.00,429.00,557.00,711.00,133.00,68.49,5.91,,,,,,,,
Haris Hajradinovic,174,8/12/2015,10,7,9,7287.00,3060.00,2.38,900.00,3649.00,630.00,1196.00,891.00,0.00,435.00,813.00,361.00,587.00,820.00,58.01,,,,,,,,,
Hatem Elhamed,175,8/12/2015,10,6,10,6076.00,3060.00,1.99,1938.00,2295.00,1416.00,391.00,22.00,0.00,572.00,861.00,605.00,812.00,0.00,65.00,,,,,,,,,
Danijel Milicevic,176,8/12/2015,10,10,9,7256.00,3060.00,2.37,529.00,4097.00,447.00,2150.00,21.00,0.00,896.00,238.00,418.00,564.00,419.00,57.44,7.20,,,,,,,,
Renato Neto,177,8/12/2015,10,11,9,7246.00,3060.00,2.37,926.00,3502.00,237.00,1886.00,680.00,3.00,505.00,944.00,402.00,549.00,566.00,61.10,6.69,,,,,,,,
Lasse Nielsen,178,8/12/2015,10,12,7,7381.00,3060.00,2.41,754.00,3822.00,476.00,2111.00,194.00,1.00,407.00,630.00,586.00,644.00,663.00,57.75,8.03,,,,,,,,
Mustapha Oussalah,179,8/12/2015,10,13,7,4507.00,3060.00,1.47,1208.00,839.00,875.00,1360.00,209.00,1.00,103.00,278.00,642.00,654.00,17.00,62.95,,,,,,,,,
Marko Poletanovic,180,8/12/2015,10,15,5,6832.00,3060.00,2.23,1991.00,2008.00,207.00,1890.00,720.00,0.00,762.00,456.00,347.00,621.00,704.00,58.58,,,,,,,,,
Rafael Rafinha,181,8/12/2015,10,16,8,7255.00,3060.00,2.37,787.00,3635.00,324.00,1873.00,611.00,0.00,292.00,829.00,303.00,528.00,791.00,57.53,,,,,,,,,
Kenneth Saief,182,8/12/2015,10,18,9,7258.00,3060.00,2.37,1129.00,3297.00,314.00,1797.00,698.00,0.00,979.00,272.00,607.00,428.00,279.00,58.58,5.97,,,,,,,,
Moses Simon,183,8/12/2015,10,19,6,5494.00,3060.00,1.80,1327.00,2946.00,610.00,581.00,0.00,0.00,474.00,783.00,352.00,641.00,585.00,59.67,,,,,,,,,
Yaya Soumahoro,184,8/12/2015,10,20,9,6607.00,3060.00,2.16,686.00,3705.00,1789.00,305.00,98.00,3.00,490.00,917.00,213.00,685.00,528.00,61.05,,,,,,,,,
Serge Tabekou,185,8/12/2015,10,21,7,4287.00,3060.00,1.40,595.00,1842.00,1282.00,459.00,88.00,2.00,139.00,148.00,154.00,535.00,766.00,58.37,,,,,,,,,
Hannes Van Der Bruggen,186,8/12/2015,10,22,8,7627.00,3060.00,2.49,745.00,3870.00,182.00,1150.00,1659.00,0.00,802.00,480.00,403.00,615.00,456.00,61.96,6.10,,,,,,,,
Kalifa Coulibaly,187,8/26/2015,11,2,6,8382.00,6600.00,1.27,3602.00,2354.00,682.00,604.00,820.00,17.00,1248.00,1293.00,2068.00,1806.00,239.00,48.66,7.07,,,,,,,,
Laurent Depoitre,188,8/26/2015,11,4,7,9035.00,6600.00,1.37,4118.00,2393.00,830.00,993.00,387.00,9.00,1370.00,1867.00,1232.00,1726.00,7.00,63.65,,,,,,,,,
Haris Hajradinovic,189,8/26/2015,11,7,7,8737.00,6600.00,1.32,3512.00,2321.00,859.00,830.00,903.00,14.00,1339.00,1568.00,1416.00,1596.00,440.00,58.01,,,,,,,,,
Hatem Elhamed,190,8/26/2015,11,6,6,7868.00,6600.00,1.19,3318.00,2546.00,898.00,697.00,37.00,15.00,1257.00,1717.00,1458.00,992.00,0.00,65.00,,,,,,,,,
Erik Johansson,191,8/26/2015,11,8,6,8471.00,6600.00,1.28,3599.00,2274.00,804.00,866.00,610.00,18.00,948.00,1852.00,2178.00,1196.00,215.00,62.46,,,,,,,,,
Sven Kums,192,8/26/2015,11,9,5,8706.00,6600.00,1.32,3726.00,2380.00,838.00,699.00,734.00,21.00,1300.00,1716.00,1726.00,774.00,731.00,62.23,,,,,,,,,
Danijel Milicevic,193,8/26/2015,11,10,7,8076.00,6600.00,1.22,3651.00,1930.00,902.00,1056.00,171.00,27.00,2029.00,1715.00,508.00,966.00,96.00,57.44,7.20,,,,,,,,
Renato Neto,194,8/26/2015,11,11,6,8873.00,6600.00,1.34,4029.00,2066.00,1005.00,1122.00,323.00,19.00,1551.00,1674.00,1741.00,1378.00,187.00,61.10,6.69,,,,,,,,
Lasse Nielsen,195,8/26/2015,11,12,7,8338.00,6600.00,1.26,3780.00,2128.00,708.00,1143.00,276.00,13.00,1315.00,1415.00,1169.00,1162.00,712.00,57.75,8.03,,,,,,,,
Mustapha Oussalah,196,8/26/2015,11,13,5,8788.00,6600.00,1.33,3583.00,2284.00,1013.00,998.00,596.00,34.00,1790.00,1571.00,1409.00,1520.00,45.00,62.95,,,,,,,,,
Nicklas Pedersen,197,8/26/2015,11,14,7,7874.00,6600.00,1.19,3678.00,1705.00,1112.00,952.00,52.00,48.00,1206.00,1450.00,1375.00,1573.00,1008.00,59.21,,,,,,,,,
Marko Poletanovic,198,8/26/2015,11,15,5,8034.00,6600.00,1.22,3821.00,1787.00,858.00,962.00,199.00,51.00,1351.00,1792.00,1522.00,1209.00,392.00,58.58,,,,,,,,,
Rafael Rafinha,199,8/26/2015,11,16,7,8587.00,6600.00,1.30,4080.00,1951.00,1033.00,1015.00,225.00,50.00,1061.00,1143.00,1978.00,1500.00,351.00,57.53,,,,,,,,,
Benito Raman,200,8/26/2015,11,17,4,8526.00,6600.00,1.29,3523.00,2205.00,772.00,673.00,985.00,17.00,1944.00,1752.00,1175.00,997.00,0.00,63.14,,,,,,,,,
Kenneth Saief,201,8/26/2015,11,18,7,7676.00,6600.00,1.16,3207.00,2215.00,994.00,816.00,104.00,3.00,1745.00,1316.00,1186.00,1587.00,48.00,58.58,5.97,,,,,,,,
Moses Simon,202,8/26/2015,11,19,7,7432.00,6600.00,1.13,3144.00,1531.00,683.00,490.00,1170.00,33.00,2030.00,2044.00,1062.00,768.00,383.00,59.67,,,,,,,,,
Yaya Soumahoro,203,8/26/2015,11,20,6,7635.00,6600.00,1.16,2986.00,1961.00,867.00,555.00,870.00,30.00,1821.00,2036.00,1390.00,867.00,447.00,61.05,,,,,,,,,
Serge Tabekou,204,8/26/2015,11,21,5,7786.00,6600.00,1.18,3392.00,1749.00,882.00,762.00,678.00,43.00,1704.00,1425.00,808.00,560.00,506.00,58.37,,,,,,,,,
Hannes Van Der Bruggen,205,8/26/2015,11,22,7,8901.00,6600.00,1.35,3919.00,2353.00,820.00,778.00,696.00,44.00,1299.00,1345.00,1565.00,1393.00,667.00,61.96,6.10,,,,,,,,
Uros Vitas,206,8/26/2015,11,23,3,7979.00,6600.00,1.21,3600.00,1989.00,900.00,800.00,308.00,104.00,1014.00,1464.00,1384.00,1397.00,1039.00,57.63,,,,,,,,,
Nana Asare,207,9/7/2015,12,1,2,10300.00,5217.00,1.97,111.00,8539.00,1615.00,0.00,0.00,0.00,132.00,56.00,148.00,3436.00,0.00,61.03,4.24,,,,,,,,
Kalifa Coulibaly,208,9/7/2015,12,2,4,10132.00,5217.00,1.94,414.00,6679.00,3008.00,0.00,0.00,0.00,487.00,102.00,109.00,3309.00,41.00,48.66,7.07,,,,,,,,
Brecht Dejaegere,209,9/7/2015,12,3,3,10803.00,5217.00,2.07,203.00,7117.00,3457.00,4.00,0.00,0.00,465.00,64.00,100.00,3519.00,0.00,62.23,6.99,,,,,,,,
Laurent Depoitre,210,9/7/2015,12,4,5,10590.00,5217.00,2.03,41.00,8091.00,2452.00,0.00,0.00,0.00,16.00,63.00,1745.00,1852.00,0.00,63.65,,,,,,,,,
Thomas Foket,211,9/7/2015,12,5,4,10624.00,5217.00,2.04,104.00,7858.00,2647.00,0.00,0.00,0.00,26.00,59.00,550.00,3012.00,5.00,68.49,5.91,,,,,,,,
Haris Hajradinovic,212,9/7/2015,12,7,4,10085.00,5217.00,1.93,84.00,7400.00,2559.00,18.00,5.00,0.00,57.00,99.00,259.00,3462.00,136.00,58.01,,,,,,,,,
Hatem Elhamed,213,9/7/2015,12,6,8,9883.00,5217.00,1.89,244.00,8479.00,1117.00,4.00,0.00,0.00,348.00,70.00,409.00,3170.00,0.00,65.00,,,,,,,,,
Sven Kums,214,9/7/2015,12,9,5,1883.00,5217.00,0.36,402.00,1333.00,78.00,0.00,0.00,0.00,1126.00,1673.00,819.00,0.00,0.00,62.23,,,,,,,,,
Thomas Matton,215,9/7/2015,12,24,5,5122.00,5217.00,0.98,684.00,4375.00,0.00,0.00,0.00,1.00,142.00,157.00,794.00,2232.00,89.00,67.45,4.49,,,,,,,,
Danijel Milicevic,216,9/7/2015,12,10,6,9238.00,5217.00,1.77,209.00,8919.00,80.00,0.00,0.00,0.00,201.00,95.00,2678.00,796.00,0.00,57.44,7.20,,,,,,,,
Stefan Mitrovic,217,9/7/2015,12,25,6,5245.00,5217.00,1.01,1163.00,2247.00,1700.00,0.00,0.00,1.00,1647.00,757.00,794.00,202.00,0.00,60.45,5.46,,,,,,,,
Renato Neto,218,9/7/2015,12,11,4,10945.00,5217.00,2.10,64.00,6674.00,4185.00,8.00,0.00,0.00,228.00,105.00,111.00,3490.00,10.00,61.10,6.69,,,,,,,,
Lasse Nielsen,219,9/7/2015,12,12,3,10038.00,5217.00,1.92,456.00,8025.00,1532.00,0.00,0.00,0.00,263.00,88.00,670.00,2924.00,0.00,57.75,8.03,,,,,,,,
Nicklas Pedersen,220,9/7/2015,12,14,3,4729.00,5217.00,0.91,2976.00,1624.00,6.00,0.00,0.00,0.00,207.00,706.00,2372.00,480.00,0.00,59.21,,,,,,,,,
Rafael Rafinha,221,9/7/2015,12,16,6,9763.00,5217.00,1.87,210.00,8571.00,948.00,0.00,0.00,0.00,376.00,102.00,158.00,3417.00,0.00,57.53,,,,,,,,,
Benito Raman,222,9/7/2015,12,17,7,9553.00,5217.00,1.83,260.00,8940.00,328.00,0.00,0.00,0.00,491.00,218.00,815.00,2781.00,0.00,63.14,,,,,,,,,
Kenneth Saief,223,9/7/2015,12,18,5,10900.00,5217.00,2.09,368.00,7837.00,2677.00,0.00,0.00,0.00,258.00,240.00,304.00,3317.00,0.00,58.58,5.97,,,,,,,,
Yaya Soumahoro,224,9/7/2015,12,20,5,9654.00,5217.00,1.85,248.00,8684.00,695.00,0.00,0.00,0.00,454.00,124.00,132.00,3405.00,0.00,61.05,,,,,,,,,
Hannes Van Der Bruggen,225,9/7/2015,12,22,3,11322.00,5217.00,2.17,155.00,4390.00,6755.00,0.00,0.00,0.00,506.00,50.00,240.00,3345.00,0.00,61.96,6.10,,,,,,,,
Uros Vitas,226,9/7/2015,12,23,4,7076.00,5217.00,1.36,4014.00,2811.00,229.00,0.00,0.00,0.00,376.00,131.00,1299.00,2300.00,0.00,57.63,,,,,,,,,
Nana Asare,227,9/8/2015,13,1,3,3657.00,5700.00,0.64,1822.00,690.00,415.00,483.00,80.00,7.00,1190.00,700.00,298.00,377.00,60.00,61.03,4.24,,,,,,,,
Kalifa Coulibaly,228,9/8/2015,13,2,4,3433.00,5700.00,0.60,1494.00,838.00,368.00,518.00,77.00,12.00,1736.00,1086.00,434.00,462.00,0.00,48.66,7.07,,,,,,,,
Brecht Dejaegere,229,9/8/2015,13,3,4,4368.00,5700.00,0.77,2080.00,1040.00,475.00,562.00,31.00,10.00,1827.00,1178.00,593.00,351.00,0.00,62.23,6.99,,,,,,,,
Laurent Depoitre,230,9/8/2015,13,4,5,3721.00,5700.00,0.65,1470.00,1148.00,383.00,500.00,80.00,8.00,2845.00,1264.00,586.00,331.00,0.00,63.65,,,,,,,,,
Thomas Foket,231,9/8/2015,13,5,1,4364.00,5700.00,0.77,1953.00,1098.00,478.00,520.00,129.00,11.00,1304.00,812.00,425.00,237.00,0.00,68.49,5.91,,,,,,,,
Haris Hajradinovic,232,9/8/2015,13,7,5,4226.00,5700.00,0.74,1638.00,1168.00,437.00,718.00,136.00,10.00,1413.00,695.00,564.00,457.00,0.00,58.01,,,,,,,,,
Hatem Elhamed,233,9/8/2015,13,6,5,3503.00,5700.00,0.61,1571.00,795.00,509.00,439.00,55.00,8.00,964.00,799.00,730.00,6.00,0.00,65.00,,,,,,,,,
Danijel Milicevic,234,9/8/2015,13,10,6,3738.00,5700.00,0.66,1668.00,860.00,573.00,393.00,36.00,17.00,1909.00,806.00,337.00,447.00,80.00,57.44,7.20,,,,,,,,
Stefan Mitrovic,235,9/8/2015,13,25,3,4006.00,5700.00,0.70,1747.00,982.00,385.00,581.00,101.00,3.00,1234.00,732.00,311.00,581.00,6.00,60.45,5.46,,,,,,,,
Renato Neto,236,9/8/2015,13,11,2,3581.00,5700.00,0.63,1553.00,823.00,459.00,485.00,53.00,12.00,2129.00,665.00,325.00,339.00,0.00,61.10,6.69,,,,,,,,
Lasse Nielsen,237,9/8/2015,13,12,3,3863.00,5700.00,0.68,1526.00,1127.00,504.00,502.00,70.00,8.00,1110.00,707.00,417.00,394.00,0.00,57.75,8.03,,,,,,,,
Nicklas Pedersen,238,9/8/2015,13,14,4,3742.00,5700.00,0.66,1861.00,754.00,532.00,445.00,30.00,5.00,2209.00,860.00,544.00,399.00,172.00,59.21,,,,,,,,,
Marko Poletanovic,239,9/8/2015,13,15,4,3901.00,5700.00,0.68,2013.00,819.00,624.00,285.00,10.00,17.00,2387.00,1258.00,601.00,556.00,19.00,58.58,,,,,,,,,
Rafael Rafinha,240,9/8/2015,13,16,4,3405.00,5700.00,0.60,1456.00,793.00,465.00,465.00,34.00,4.00,1861.00,736.00,459.00,522.00,80.00,57.53,,,,,,,,,
Benito Raman,241,9/8/2015,13,17,1,3833.00,5700.00,0.67,1686.00,993.00,413.00,504.00,63.00,11.00,1468.00,837.00,519.00,124.00,0.00,63.14,,,,,,,,,
Kenneth Saief,242,9/8/2015,13,18,4,3538.00,5700.00,0.62,1540.00,961.00,598.00,272.00,20.00,5.00,1110.00,498.00,389.00,270.00,0.00,58.58,5.97,,,,,,,,
Yaya Soumahoro,243,9/8/2015,13,20,3,4261.00,5700.00,0.75,1772.00,1060.00,499.00,660.00,117.00,14.00,1143.00,819.00,490.00,444.00,0.00,61.05,,,,,,,,,
Hannes Van Der Bruggen,244,9/8/2015,13,22,3,3592.00,5700.00,0.63,1342.00,1076.00,511.00,500.00,55.00,6.00,616.00,744.00,481.00,136.00,0.00,61.96,6.10,,,,,,,,
Lucas Schoofs,245,11/9/2016,14,27,6,6896.00,6956.00,0.99,2312.00,2221.00,1059.00,428.00,115.00,22.00,1006.00,1457.00,1679.00,1073.00,894.00,69.85,4.56,6,47,183,459,319,196,63,14
Ofir Davidzada,246,11/9/2016,14,29,5,7103.00,6956.00,1.02,2377.00,2197.00,1142.00,463.00,164.00,26.00,1588.00,1219.00,936.00,776.00,0.00,60.15,5.80,11,44,201,392,295,182,76,18
Emir Kujovic,247,11/9/2016,14,30,6,6004.00,6956.00,0.86,2323.00,1952.00,740.00,101.00,23.00,13.00,1760.00,2009.00,1892.00,513.00,32.00,57.57,4.83,2,25,151,498,334,140,56,8
Kenneth Saief,248,11/9/2016,14,18,6,6925.00,6956.00,1.00,2565.00,2394.00,887.00,256.00,79.00,18.00,1863.00,1473.00,1330.00,497.00,348.00,64.96,5.97,2,25,177,476,327,167,56,11
Rob Schoofs,249,11/9/2016,14,31,6,6626.00,6956.00,0.95,2331.00,2400.00,877.00,301.00,59.00,15.00,1612.00,1643.00,554.00,524.00,0.00,63.90,7.53,3,37,190,474,338,185,58,10
Hannes Van Der Bruggen,250,11/9/2016,14,22,6,6626.00,6956.00,0.95,2377.00,2215.00,889.00,338.00,82.00,14.00,1684.00,1902.00,1112.00,421.00,453.00,64.63,6.10,7,54,190,521,384,183,73,10
Brecht Dejaegere,251,11/9/2016,14,43,6,6696.00,6956.00,0.96,2368.00,2235.00,935.00,289.00,48.00,22.00,1796.00,2029.00,866.00,670.00,2.00,64.56,6.99,7,48,193,404,307,198,65,13
Jeremy Perbet,252,11/9/2016,14,32,4,6186.00,6956.00,0.89,2140.00,2165.00,846.00,292.00,50.00,6.00,1563.00,951.00,262.00,529.00,153.00,60.29,4.64,5,34,167,390,269,202,46,2
Siebe Horemans,253,11/9/2016,14,33,6,6815.00,6956.00,0.98,2564.00,2032.00,915.00,385.00,98.00,32.00,849.00,1999.00,2070.00,1222.00,165.00,63.54,8.57,8,48,169,520,328,169,75,22
Ibrahim Rabiu,254,11/9/2016,14,34,7,6279.00,6956.00,0.90,2242.00,2064.00,829.00,318.00,79.00,29.00,1980.00,1278.00,850.00,303.00,645.00,70.18,4.91,9,53,180,425,288,182,71,18
Anderson Esiti,255,11/9/2016,14,35,7,6086.00,6656.00,0.91,2231.00,1804.00,796.00,337.00,77.00,34.00,1505.00,1851.00,1389.00,936.00,214.00,59.10,9.23,3,40,169,432,299,138,70,25
Dieumerci Ndongala,256,11/9/2016,14,37,6,5998.00,6956.00,0.86,2263.00,2094.00,617.00,158.00,40.00,15.00,1782.00,2255.00,1812.00,410.00,0.00,58.66,5.56,3,33,163,407,320,142,49,12
Lucas Schoofs,257,11/10/2016,15,27,7,7007.00,4500.00,1.56,2424.00,1764.00,1118.00,680.00,452.00,24.00,153.00,984.00,1242.00,1050.00,1791.00,69.85,4.56,27,70,256,411,352,257,88,18
Ofir Davidzada,258,11/10/2016,15,29,7,7034.00,4500.00,1.56,2623.00,1405.00,1471.00,691.00,326.00,26.00,1114.00,874.00,994.00,1895.00,22.00,60.15,5.80,19,90,251,375,317,259,80,15
Kalifa Coulibaly,259,11/10/2016,15,42,7,5616.00,4500.00,1.25,2730.00,1073.00,633.00,216.00,207.00,15.00,668.00,1210.00,1596.00,1079.00,141.00,50.17,7.07,5,37,200,380,278,202,58,10
Thomas Matton,260,11/10/2016,15,51,8,5909.00,4500.00,1.31,2169.00,1377.00,926.00,639.00,315.00,28.00,557.00,680.00,848.00,1208.00,1289.00,68.84,4.49,21,65,218,362,318,193,82,20
Renato Neto,261,11/10/2016,15,46,6,5679.00,4500.00,1.26,2535.00,1006.00,784.00,408.00,329.00,26.00,744.00,1330.00,1313.00,1332.00,145.00,62.71,6.69,8,76,213,398,366,196,64,19
Emir Kujovic,262,11/10/2016,15,30,5,5205.00,4500.00,1.16,2642.00,1109.00,644.00,144.00,34.00,6.00,468.00,1295.00,1965.00,985.00,204.00,57.57,4.83,2,45,175,396,337,194,40,5
Kenneth Saief,263,11/10/2016,15,48,5,6866.00,4500.00,1.53,2582.00,1604.00,1419.00,581.00,240.00,14.00,1097.00,893.00,1220.00,1395.00,250.00,64.96,5.97,11,62,248,423,368,261,61,9
Rob Schoofs,264,11/10/2016,15,31,6,6577.00,4500.00,1.46,2875.00,1328.00,1072.00,482.00,214.00,14.00,1146.00,1072.00,1097.00,1287.00,0.00,63.90,7.53,9,63,230,439,392,219,81,9
Hannes Van Der Bruggen,265,11/10/2016,15,50,6,6714.00,4500.00,1.49,2538.00,1550.00,1297.00,575.00,179.00,17.00,654.00,1339.00,915.00,1150.00,1064.00,64.63,6.10,16,92,260,411,404,283,79,10
Brecht Dejaegere,266,11/10/2016,15,43,7,6864.00,4500.00,1.53,2849.00,1379.00,1148.00,608.00,266.00,20.00,490.00,1389.00,1557.00,1565.00,189.00,64.56,6.99,17,85,277,431,437,258,90,12
Siebe Horemans,267,11/10/2016,15,33,5,6858.00,4500.00,1.52,3026.00,1503.00,1124.00,429.00,226.00,19.00,269.00,1184.00,1770.00,1736.00,96.00,63.54,8.57,14,82,247,437,404,269,77,14
Ibrahim Rabiu,268,11/10/2016,15,34,7,5913.00,4500.00,1.31,2126.00,1592.00,1093.00,364.00,233.00,33.00,808.00,821.00,1104.00,1341.00,559.00,70.18,4.91,23,73,245,269,272,205,91,21
Dieumerci Ndongala,269,11/10/2016,15,37,6,5458.00,4500.00,1.21,2380.00,1162.00,789.00,314.00,153.00,17.00,836.00,1453.00,1430.00,1191.00,76.00,58.66,5.56,7,56,221,352,316,206,59,12
Lucas Schoofs,270,11/11/2016,16,27,6,3579.00,8241.00,0.43,3579.00,3476.00,2655.00,1124.00,917.00,34.00,537.00,996.00,1738.00,2547.00,1405.00,69.85,4.56,32,100,370,603,528,389,115,20
Ofir Davidzada,271,11/11/2016,16,29,8,4007.00,8241.00,0.49,4007.00,3058.00,3001.00,1431.00,836.00,29.00,766.00,1036.00,2075.00,3056.00,251.00,60.15,5.80,22,119,332,516,484,344,110,17
Kalifa Coulibaly,272,11/11/2016,16,42,8,4283.00,8241.00,0.52,4283.00,2241.00,1480.00,759.00,847.00,38.00,942.00,1632.00,1508.00,1402.00,277.00,50.17,7.07,18,58,239,474,425,240,78,26
Kenny Saief,273,11/11/2016,16,48,7,3582.00,8241.00,0.43,3582.00,3230.00,2538.00,1589.00,1451.00,30.00,1066.00,1129.00,964.00,1742.00,2130.00,64.96,5.97,24,86,359,585,576,364,96,19
Rob Schoofs,274,11/11/2016,16,31,9,3449.00,8241.00,0.42,3449.00,3437.00,3286.00,1342.00,695.00,15.00,835.00,1298.00,841.00,2410.00,1071.00,63.90,7.53,16,114,348,540,511,378,82,9
Hannes Van Der Bruggen,275,11/11/2016,16,50,10,3326.00,8241.00,0.40,3326.00,3716.00,3435.00,1591.00,567.00,19.00,504.00,1170.00,1278.00,2185.00,2109.00,64.63,6.10,23,128,430,569,601,445,118,9
Brecht Dejaegere,276,11/11/2016,16,43,9,3383.00,8241.00,0.41,3383.00,3447.00,3485.00,1593.00,631.00,19.00,710.00,1653.00,1443.00,3204.00,456.00,64.56,6.99,30,121,405,609,622,430,102,11
Siebe Horemans,277,11/11/2016,16,33,6,3758.00,8241.00,0.46,3758.00,2710.00,2261.00,898.00,856.00,35.00,121.00,1014.00,2482.00,2929.00,450.00,63.54,8.57,25,98,322,569,529,337,102,23
Ibrahim Rabiu,278,11/11/2016,16,34,9,3155.00,8241.00,0.38,3155.00,3073.00,2733.00,1534.00,982.00,39.00,599.00,1123.00,960.00,2058.00,2185.00,70.18,4.91,37,124,371,514,468,415,122,30
Thomas Matton,279,11/11/2016,16,51,10,3534.00,8241.00,0.43,3534.00,3616.00,2835.00,1452.00,1080.00,35.00,502.00,1194.00,1205.00,2029.00,2350.00,68.84,4.49,25,129,379,570,519,399,125,21
Renato Neto,280,11/11/2016,16,46,8,3860.00,8241.00,0.47,3860.00,2663.00,2379.00,1473.00,827.00,30.00,918.00,1371.00,1066.00,3343.00,188.00,62.71,6.69,34,94,348,585,556,354,109,20
Jeremy Taravel,281,11/16/2016,17,26,5,4691.00,5607.00,0.84,1942.00,1244.00,633.00,200.00,43.00,7.00,615.00,1355.00,1858.00,1495.00,0.00,57.13,7.56,4,22,150,278,213,143,43,3
Lucas Schoofs,282,11/16/2016,17,27,5,4920.00,5607.00,0.88,1937.00,1487.00,757.00,250.00,47.00,12.00,851.00,885.00,1140.00,687.00,43.00,69.85,4.56,3,35,157,268,178,161,42,9
Ofir Davidzada,283,11/16/2016,17,29,5,4820.00,5607.00,0.86,1965.00,1112.00,739.00,269.00,53.00,15.00,1283.00,1033.00,1469.00,204.00,0.00,60.15,5.80,2,21,156,279,193,142,52,9
Kalifa Coulibaly,284,11/16/2016,17,42,4,4916.00,5607.00,0.88,2199.00,1273.00,580.00,194.00,57.00,14.00,1016.00,878.00,2112.00,943.00,0.00,50.17,7.07,6,25,103,260,183,114,48,7
Thomas Matton,285,11/16/2016,17,51,3,5650.00,5607.00,1.01,2146.00,1610.00,929.00,301.00,120.00,16.00,823.00,1053.00,1786.00,1407.00,87.00,68.84,4.49,7,39,173,281,220,154,55,14
Renato Neto,286,11/16/2016,17,46,5,4577.00,5607.00,0.82,1957.00,1156.00,720.00,230.00,20.00,23.00,1162.00,1498.00,1844.00,60.00,0.00,62.71,6.69,4,30,140,258,181,127,42,17
Kenneth Saief,287,11/16/2016,17,48,5,4907.00,5607.00,0.88,2085.00,1495.00,511.00,217.00,26.00,13.00,974.00,1415.00,1806.00,430.00,0.00,64.96,5.97,4,21,149,282,205,118,42,10
Rob Schoofs,288,11/16/2016,17,31,4,5471.00,5607.00,0.98,2517.00,1467.00,593.00,309.00,51.00,16.00,1129.00,1342.00,1449.00,886.00,0.00,63.90,7.53,6,31,148,283,193,125,53,9
Hannes Van Der Bruggen,289,11/16/2016,17,50,4,5573.00,5607.00,0.99,2331.00,1394.00,920.00,292.00,32.00,17.00,1282.00,1965.00,1152.00,359.00,0.00,64.63,6.10,7,39,156,287,229,139,67,8
Brecht Dejaegere,290,11/16/2016,17,43,3,5334.00,5607.00,0.95,2041.00,1582.00,766.00,319.00,34.00,18.00,1195.00,1760.00,1407.00,319.00,3.00,64.56,6.99,10,22,164,264,185,139,62,15
Jeremy Perbet,291,11/16/2016,17,32,5,4648.00,5607.00,0.83,2292.00,1095.00,518.00,219.00,56.00,12.00,1114.00,1704.00,740.00,28.00,0.00,60.29,4.64,4,24,123,224,160,114,44,8
Siebe Horemans,292,11/16/2016,17,33,5,4907.00,5607.00,0.88,2080.00,1197.00,790.00,199.00,62.00,11.00,1241.00,1276.00,1862.00,771.00,0.00,63.54,8.57,8,20,128,257,194,140,42,5
Thomas Foket,293,11/16/2016,17,44,3,5609.00,5607.00,1.00,2130.00,1500.00,994.00,286.00,98.00,17.00,1059.00,1415.00,1648.00,857.00,0.00,68.84,5.91,7,29,190,314,256,160,61,12
Ibrahim Rabiu,294,11/16/2016,17,34,6,4491.00,5607.00,0.80,1826.00,1286.00,574.00,248.00,48.00,21.00,1407.00,1215.00,1598.00,298.00,0.00,70.18,4.91,9,37,131,256,160,137,53,15
Anderson Esiti,295,11/16/2016,17,35,4,4582.00,5607.00,0.82,2051.00,915.00,679.00,295.00,58.00,17.00,1350.00,1136.00,1393.00,942.00,30.00,59.10,9.23,4,28,141,235,154,133,46,13
Rami Gershon,296,11/16/2016,17,36,3,4745.00,5607.00,0.85,2133.00,1129.00,467.00,152.00,19.00,11.00,1414.00,1234.00,1066.00,64.00,0.00,60.00,5.89,2,13,116,294,223,125,30,7
Danijel Milicevic,297,11/16/2016,17,45,4,4763.00,5607.00,0.85,2272.00,1288.00,491.00,125.00,0.00,8.00,1749.00,1419.00,630.00,16.00,0.00,56.10,7.20,7,12,125,258,197,122,34,5
Dieumerci Ndongala,298,11/16/2016,17,37,4,4642.00,5607.00,0.83,1884.00,1470.00,596.00,156.00,14.00,16.00,1087.00,1240.00,1793.00,806.00,79.00,58.66,5.56,8,24,123,280,181,142,48,9
Thibaut de Smet,299,11/16/2016,17,38,6,5092.00,5607.00,0.91,2173.00,1273.00,768.00,212.00,67.00,12.00,1690.00,973.00,1026.00,1544.00,26.00,67.75,6.06,9,26,162,319,205,152,43,9
Louis Verstraete,300,11/16/2016,17,39,4,4970.00,5607.00,0.89,1962.00,1715.00,564.00,258.00,28.00,17.00,1130.00,757.00,1451.00,1252.00,0.00,70.72,6.41,3,29,162,264,194,134,51,10
Kalifa Coulibaly,301,11/22/2016,18,42,4,4493.00,5746.00,0.78,2118.00,710.00,486.00,211.00,152.00,9.00,842.00,1155.00,1468.00,1038.00,236.00,50.17,7.07,1,27,110,197,175,118,28,7
Thomas Matton,302,11/22/2016,18,51,3,5000.00,5746.00,0.87,2416.00,1182.00,493.00,253.00,76.00,12.00,1776.00,1592.00,889.00,683.00,37.00,68.84,4.49,4,21,137,254,207,140,26,8
Renato Neto,303,11/22/2016,18,46,2,5176.00,5746.00,0.90,2501.00,967.00,563.00,387.00,154.00,12.00,889.00,1628.00,1345.00,694.00,26.00,62.71,6.69,11,34,159,255,260,130,41,7
Stefan Mitrovic,304,11/22/2016,18,52,3,5520.00,5746.00,0.96,2432.00,1072.00,698.00,397.00,214.00,10.00,1324.00,1113.00,922.00,824.00,251.00,64.43,5.46,6,41,166,312,264,176,40,8
Kenneth Saief,305,11/22/2016,18,48,4,6005.00,5746.00,1.05,2590.00,1311.00,860.00,379.00,176.00,9.00,807.00,1393.00,1724.00,930.00,433.00,64.96,5.97,2,26,173,269,244,180,30,5
Rob Schoofs,306,11/22/2016,18,31,5,5658.00,5746.00,0.98,2586.00,1367.00,669.00,243.00,155.00,9.00,1421.00,1367.00,1257.00,493.00,20.00,63.90,7.53,5,28,139,274,238,157,29,7
Hannes Van Der Bruggen,307,11/22/2016,18,50,4,6007.00,5746.00,1.05,2620.00,1336.00,896.00,408.00,65.00,11.00,1369.00,1329.00,1055.00,896.00,159.00,64.63,6.10,4,44,181,262,240,186,55,3
Brecht Dejaegere,308,11/22/2016,18,43,2,5337.00,5746.00,0.93,2168.00,1230.00,843.00,383.00,113.00,8.00,1171.00,1007.00,1267.00,712.00,16.00,64.56,6.99,4,45,152,222,233,155,32,5
Nana Asare,309,11/22/2016,18,41,3,4556.00,5746.00,0.79,1801.00,966.00,720.00,270.00,153.00,7.00,1080.00,900.00,615.00,1261.00,351.00,58.46,4.24,4,30,139,227,225,138,33,6
Lasse Nielsen,310,11/22/2016,18,47,2,4479.00,5746.00,0.78,1830.00,892.00,435.00,169.00,84.00,6.00,1128.00,1450.00,1168.00,792.00,94.00,54.56,8.03,3,28,148,263,244,134,35,5
Jeremy Perbet,311,11/22/2016,18,32,3,4557.00,5746.00,0.79,2022.00,1071.00,628.00,162.00,61.00,1.00,1064.00,938.00,803.00,370.00,77.00,60.29,4.64,2,16,120,244,216,121,20,0
Moses Simon,312,11/22/2016,18,49,3,4951.00,5746.00,0.86,2096.00,1006.00,616.00,360.00,172.00,17.00,1301.00,1611.00,890.00,538.00,51.00,62.73,,6,32,136,238,207,146,32,14
Thomas Foket,313,11/22/2016,18,44,2,6351.00,5746.00,1.11,2368.00,1604.00,1006.00,433.00,238.00,9.00,1106.00,1315.00,1171.00,1285.00,208.00,68.84,5.91,4,34,183,299,259,193,33,6
Anderson Esiti,314,11/22/2016,18,35,3,5417.00,5746.00,0.94,2518.00,1001.00,719.00,288.00,177.00,7.00,1516.00,911.00,864.00,1496.00,530.00,59.10,9.23,6,31,123,242,189,149,44,3
Rami Gershon,315,11/22/2016,18,36,3,5267.00,5746.00,0.92,2656.00,835.00,488.00,240.00,209.00,11.00,924.00,1084.00,1220.00,859.00,195.00,60.00,5.89,4,27,142,320,267,137,28,9
Danijel Milicevic,316,11/22/2016,18,45,3,5212.00,5746.00,0.91,2551.00,904.00,605.00,245.00,123.00,9.00,1611.00,1536.00,1010.00,333.00,223.00,56.10,7.20,9,27,167,321,282,161,43,3
Dieumerci Ndongala,317,11/22/2016,18,37,5,4839.00,5746.00,0.84,1955.00,1095.00,632.00,300.00,149.00,9.00,1312.00,1229.00,1163.00,1004.00,492.00,58.66,5.56,11,22,133,226,203,142,30,7
Jeremy Taravel,318,11/23/2016,19,26,2,4087.00,5457.00,0.75,1796.00,1130.00,277.00,207.00,71.00,6.00,973.00,1663.00,1807.00,678.00,0.00,57.13,7.56,2,18,92,220,174,83,30,3
Lucas Schoofs,319,11/23/2016,19,27,3,5201.00,5457.00,0.95,2188.00,1479.00,456.00,284.00,161.00,14.00,1284.00,1170.00,1236.00,717.00,85.00,69.85,4.56,10,30,126,266,208,117,42,8
Ofir Davidzada,320,11/23/2016,19,29,3,4750.00,5457.00,0.87,2289.00,1051.00,386.00,249.00,164.00,16.00,1295.00,1534.00,687.00,113.00,4.00,60.15,5.80,7,33,85,255,188,94,39,11
Kalifa Coulibaly,321,11/23/2016,19,42,2,3986.00,5457.00,0.73,1882.00,929.00,254.00,176.00,102.00,11.00,1078.00,972.00,1624.00,765.00,0.00,50.17,7.07,5,23,78,148,125,85,22,7
Thomas Matton,322,11/23/2016,19,51,3,5277.00,5457.00,0.97,2392.00,1506.00,433.00,273.00,131.00,9.00,1297.00,1145.00,1298.00,583.00,46.00,68.84,4.49,6,30,112,273,217,107,37,7
Renato Neto,323,11/23/2016,19,46,2,4353.00,5457.00,0.80,2079.00,1029.00,380.00,188.00,35.00,9.00,1540.00,2247.00,645.00,42.00,0.00,62.71,6.69,2,18,109,249,229,93,32,3
Stefan Mitrovic,324,11/23/2016,19,52,2,4538.00,5457.00,0.83,2017.00,1244.00,379.00,174.00,55.00,8.00,1276.00,1360.00,735.00,324.00,0.00,64.43,5.46,7,21,95,305,245,120,19,5
Kenneth Saief,325,11/23/2016,19,48,3,5127.00,5457.00,0.94,2173.00,1589.00,455.00,247.00,95.00,11.00,1522.00,1217.00,1491.00,623.00,18.00,64.96,5.97,3,27,109,298,254,116,33,9
Rob Schoofs,326,11/23/2016,19,31,3,4381.00,5457.00,0.80,2047.00,1188.00,319.00,149.00,60.00,5.00,1397.00,1146.00,547.00,86.00,0.00,63.90,7.53,2,16,90,225,208,87,21,2
Hannes Van Der Bruggen,327,11/23/2016,19,50,2,5226.00,5457.00,0.96,2276.00,1435.00,569.00,187.00,39.00,7.00,1463.00,1576.00,1215.00,368.00,17.00,64.63,6.10,5,29,156,313,297,137,43,3
Brecht Dejaegere,328,11/23/2016,19,43,2,4961.00,5457.00,0.91,2147.00,1421.00,402.00,213.00,93.00,15.00,1167.00,1558.00,1492.00,443.00,0.00,64.56,6.99,9,44,111,281,234,136,31,12
Nana Asare,329,11/23/2016,19,41,3,4466.00,5457.00,0.82,1985.00,1251.00,259.00,249.00,158.00,15.00,927.00,1177.00,1351.00,308.00,2.00,58.46,4.24,5,23,89,215,197,82,32,11
Lasse Nielsen,330,11/23/2016,19,47,3,4287.00,5457.00,0.79,1968.00,942.00,321.00,162.00,75.00,4.00,1863.00,1256.00,997.00,128.00,18.00,54.56,8.03,3,24,83,223,177,94,27,2
Jeremy Perbet,331,11/23/2016,19,32,3,3739.00,5457.00,0.69,1860.00,954.00,269.00,135.00,5.00,3.00,1549.00,943.00,266.00,0.00,0.00,60.29,4.64,3,11,88,188,160,76,16,1
Moses Simon,332,11/23/2016,19,49,3,3996.00,5457.00,0.73,1630.00,1109.00,274.00,248.00,123.00,14.00,1379.00,1659.00,371.00,0.00,0.00,62.73,,2,23,69,219,190,72,28,11
Siebe Horemans,333,11/23/2016,19,33,3,4735.00,5457.00,0.87,1966.00,1326.00,494.00,202.00,38.00,5.00,1123.00,1336.00,1756.00,756.00,11.00,63.54,8.57,4,20,102,273,230,103,30,4
Thomas Foket,334,11/23/2016,19,44,3,5876.00,5457.00,1.08,2124.00,1902.00,627.00,403.00,154.00,16.00,846.00,1497.00,1984.00,665.00,27.00,68.84,5.91,4,34,144,346,276,151,35,10
Ibrahim Rabiu,335,11/23/2016,19,34,5,3982.00,5457.00,0.73,1516.00,1107.00,409.00,186.00,132.00,13.00,1457.00,1630.00,1103.00,64.00,0.00,70.18,4.91,4,21,74,218,180,73,33,7
Anderson Esiti,336,11/23/2016,19,35,2,4370.00,5457.00,0.80,1990.00,1185.00,318.00,212.00,107.00,14.00,867.00,1026.00,1379.00,1136.00,110.00,59.10,9.23,9,22,92,191,176,91,33,9
Rami Gershon,337,11/23/2016,19,36,2,5215.00,5457.00,0.96,2334.00,1340.00,369.00,315.00,176.00,12.00,1194.00,1345.00,1244.00,571.00,14.00,60.00,5.89,3,19,107,267,234,92,40,10
Danijel Milicevic,338,11/23/2016,19,45,2,4113.00,5457.00,0.75,1714.00,1106.00,344.00,195.00,87.00,9.00,1236.00,1394.00,766.00,250.00,50.00,56.10,7.20,4,21,82,240,194,84,31,8
Dieumerci Ndongala,339,11/23/2016,19,37,5,3959.00,5457.00,0.73,1884.00,979.00,249.00,158.00,49.00,7.00,416.00,1158.00,1704.00,1235.00,14.00,58.66,5.56,3,23,82,205,178,88,29,6
Kalifa Coulibaly,340,11/25/2016,20,42,4,3999.00,3600.00,1.11,2123.00,929.00,210.00,75.00,67.00,2.00,700.00,1796.00,1096.00,0.00,0.00,50.17,7.07,1,10,73,178,145,85,13,1
Stefan Mitrovic,341,11/25/2016,20,52,3,3936.00,3600.00,1.09,1695.00,1236.00,187.00,100.00,111.00,1.00,1303.00,1504.00,342.00,111.00,0.00,64.43,5.46,1,20,61,227,181,78,22,0
Kenneth Saief,342,11/25/2016,20,48,3,3842.00,3600.00,1.07,1977.00,1032.00,189.00,77.00,56.00,0.00,1044.00,1590.00,435.00,33.00,0.00,64.96,5.97,0,9,83,173,170,68,11,0
Moses Simon,343,11/25/2016,20,49,3,4020.00,3600.00,1.12,2145.00,998.00,175.00,110.00,46.00,1.00,1149.00,1667.00,385.00,24.00,0.00,62.73,,0,8,97,179,167,100,13,0
Thomas Foket,344,11/25/2016,20,44,3,4509.00,3600.00,1.25,1949.00,1615.00,214.00,140.00,61.00,2.00,963.00,1631.00,712.00,16.00,0.00,68.84,5.91,1,23,92,207,175,103,21,1
Anderson Esiti,345,11/25/2016,20,35,3,3951.00,3600.00,1.10,2197.00,844.00,195.00,109.00,44.00,2.00,1046.00,1281.00,973.00,134.00,0.00,59.10,9.23,2,9,71,162,116,74,19,0
Danijel Milicevic,346,11/25/2016,20,45,2,3931.00,3600.00,1.09,1955.00,1109.00,183.00,104.00,32.00,0.00,1452.00,1042.00,209.00,0.00,0.00,56.10,7.20,0,12,70,211,187,73,8,0
Jeremy Taravel,347,11/25/2016,21,26,6,6890.00,5400.00,1.28,3308.00,1677.00,857.00,433.00,55.00,6.00,322.00,1221.00,2058.00,1710.00,3.00,57.13,7.56,6,40,170,269,236,201,33,4
Lucas Schoofs,348,11/25/2016,21,27,7,9098.00,5400.00,1.68,3229.00,2533.00,1480.00,827.00,346.00,18.00,746.00,1160.00,1689.00,910.00,1624.00,69.85,4.56,15,50,215,342,302,215,65,10
Ofir Davidzada,349,11/25/2016,21,29,7,8590.00,5400.00,1.59,3193.00,2097.00,1458.00,829.00,410.00,14.00,1467.00,1197.00,624.00,2036.00,105.00,60.15,5.80,18,57,187,276,252,193,56,7
Rob Schoofs,350,11/25/2016,21,31,6,7400.00,5400.00,1.37,3171.00,1894.00,1081.00,483.00,176.00,7.00,1248.00,1386.00,795.00,1569.00,235.00,63.90,7.53,6,45,181,261,232,194,41,3
Hannes Van Der Bruggen,351,11/25/2016,21,50,6,8468.00,5400.00,1.57,3125.00,2470.00,1482.00,632.00,154.00,4.00,1070.00,1465.00,674.00,1420.00,815.00,64.63,6.10,12,78,223,316,279,264,60,3
Brecht Dejaegere,352,11/25/2016,21,43,8,8640.00,5400.00,1.60,2592.00,2341.00,1883.00,732.00,236.00,16.00,572.00,1265.00,1098.00,1828.00,504.00,64.56,6.99,13,62,234,270,252,264,48,8
Jeremy Perbet,353,11/25/2016,21,32,6,7422.00,5400.00,1.37,3457.00,1636.00,1127.00,483.00,172.00,3.00,914.00,1099.00,1013.00,1388.00,796.00,60.29,4.64,12,50,176,278,241,205,33,2
Siebe Horemans,354,11/25/2016,21,33,4,7870.00,5400.00,1.46,3365.00,2077.00,1205.00,491.00,114.00,15.00,550.00,1641.00,1219.00,1825.00,170.00,63.54,8.57,4,48,196,326,292,194,53,11
Louis Verstraete,355,11/25/2016,21,39,5,8393.00,5400.00,1.55,3024.00,2622.00,1511.00,626.00,144.00,7.00,846.00,1281.00,954.00,1030.00,1329.00,70.72,6.41,10,40,230,328,267,229,58,6
Ibrahim Rabiu,356,11/25/2016,21,34,6,8088.00,5400.00,1.50,3259.00,2294.00,1285.00,426.00,260.00,19.00,1073.00,1273.00,936.00,1244.00,956.00,70.18,4.91,8,53,235,273,261,229,60,13
Rami Gershon,357,11/25/2016,21,36,7,7792.00,5400.00,1.44,3277.00,1970.00,1101.00,536.00,270.00,20.00,1020.00,1200.00,857.00,1208.00,1011.00,60.00,5.89,5,47,195,330,293,177,70,13
Danijel Milicevic,358,11/25/2016,21,45,7,7023.00,5400.00,1.30,3085.00,1629.00,1076.00,477.00,113.00,13.00,437.00,1382.00,1494.00,1387.00,588.00,56.10,7.20,7,52,169,241,240,186,42,9
Jeremy Taravel,359,11/26/2016,22,26,3,4518.00,3600.00,1.26,2002.00,1027.00,434.00,163.00,243.00,4.00,967.00,1701.00,1535.00,311.00,0.00,57.13,7.56,2,17,104,302,245,131,25,1
Lucas Schoofs,360,11/26/2016,22,27,4,5758.00,3600.00,1.60,2154.00,1591.00,832.00,296.00,186.00,8.00,1127.00,1511.00,1282.00,636.00,24.00,69.85,4.56,4,21,154,322,301,158,33,4
Ofir Davidzada,361,11/26/2016,22,29,5,6266.00,3600.00,1.74,2472.00,1650.00,805.00,382.00,246.00,13.00,1283.00,2014.00,993.00,100.00,0.00,60.15,5.80,4,27,156,280,228,152,43,7
Kalifa Coulibaly,362,11/26/2016,22,42,4,4747.00,3600.00,1.32,2275.00,1612.00,225.00,53.00,0.00,1.00,1049.00,1321.00,817.00,33.00,0.00,50.17,7.07,0,7,93,175,157,98,6,1
Thomas Matton,363,11/26/2016,22,51,4,4987.00,3600.00,1.39,1727.00,1491.00,551.00,327.00,354.00,8.00,845.00,1379.00,850.00,856.00,117.00,68.84,4.49,3,29,131,232,229,124,24,8
Renato Neto,364,11/26/2016,22,46,2,4107.00,3600.00,1.14,1728.00,925.00,496.00,248.00,178.00,2.00,1111.00,1776.00,682.00,189.00,44.00,62.71,6.69,7,20,113,239,203,116,24,1
Stefan Mitrovic,365,11/26/2016,22,52,4,5173.00,3600.00,1.44,2032.00,1537.00,550.00,213.00,178.00,5.00,555.00,1243.00,1835.00,698.00,15.00,64.43,5.46,4,23,148,311,271,156,25,4
Kenneth Saief,366,11/26/2016,22,48,3,5126.00,3600.00,1.42,2161.00,1428.00,586.00,239.00,85.00,4.00,1344.00,1850.00,1075.00,214.00,0.00,64.96,5.97,1,18,137,328,273,159,27,2
Rob Schoofs,367,11/26/2016,22,31,4,4643.00,3600.00,1.29,1685.00,1276.00,482.00,307.00,292.00,5.00,706.00,1681.00,1014.00,567.00,133.00,63.90,7.53,6,17,113,237,224,125,18,2
Hannes Van Der Bruggen,368,11/26/2016,22,50,2,4968.00,3600.00,1.38,1845.00,1432.00,539.00,280.00,60.00,3.00,1279.00,1287.00,1010.00,241.00,0.00,64.63,6.10,3,18,142,301,258,144,28,1
Brecht Dejaegere,369,11/26/2016,22,43,2,4695.00,3600.00,1.30,1729.00,1388.00,540.00,298.00,139.00,6.00,1042.00,1668.00,780.00,361.00,0.00,64.56,6.99,2,28,148,212,209,137,33,3
Nana Asare,370,11/26/2016,22,41,2,3942.00,3600.00,1.10,1474.00,979.00,513.00,188.00,250.00,7.00,1064.00,1601.00,640.00,551.00,82.00,58.46,4.24,5,19,119,194,182,114,23,6
Lasse Nielsen,371,11/26/2016,22,47,3,4180.00,3600.00,1.16,1526.00,1057.00,393.00,240.00,117.00,5.00,570.00,1253.00,1366.00,762.00,190.00,54.56,8.03,3,23,117,238,207,121,26,3
Jeremy Perbet,372,11/26/2016,22,32,5,4382.00,3600.00,1.22,1751.00,1224.00,470.00,212.00,168.00,2.00,1562.00,1366.00,600.00,216.00,0.00,60.29,4.64,3,14,107,214,195,85,23,1
Moses Simon,373,11/26/2016,22,49,4,4086.00,3600.00,1.14,1581.00,1133.00,367.00,120.00,239.00,5.00,1812.00,1113.00,435.00,148.00,0.00,62.73,,3,18,109,177,169,105,24,4
Siebe Horemans,374,11/26/2016,22,33,4,5661.00,3600.00,1.57,2330.00,1922.00,436.00,149.00,171.00,6.00,844.00,1736.00,1793.00,719.00,7.00,63.54,8.57,2,21,114,315,250,143,27,4
Thomas Foket,375,11/26/2016,22,44,4,5075.00,3600.00,1.41,1747.00,1522.00,726.00,244.00,247.00,6.00,1085.00,1417.00,1120.00,319.00,1.00,68.84,5.91,5,25,144,280,240,151,33,5
Ibrahim Rabiu,376,11/26/2016,22,34,4,3930.00,3600.00,1.09,1570.00,1023.00,468.00,181.00,96.00,8.00,1099.00,1108.00,805.00,448.00,0.00,70.18,4.91,4,19,117,224,183,118,28,3
Anderson Esiti,377,11/26/2016,22,35,3,4435.00,3600.00,1.23,1734.00,1003.00,618.00,345.00,139.00,8.00,727.00,1384.00,1351.00,575.00,13.00,59.10,9.23,2,11,108,202,174,101,26,4
Rami Gershon,378,11/26/2016,22,36,3,5258.00,3600.00,1.46,2183.00,1457.00,573.00,207.00,134.00,5.00,1350.00,1818.00,900.00,393.00,7.00,60.00,5.89,3,19,131,297,236,143,27,4
Danijel Milicevic,379,11/26/2016,22,45,3,4764.00,3600.00,1.32,2253.00,1083.00,432.00,160.00,64.00,5.00,1634.00,1542.00,733.00,131.00,0.00,56.10,7.20,4,22,116,313,259,128,29,4
Dieumerci Ndongala,380,11/26/2016,22,37,4,3465.00,3600.00,0.96,1566.00,905.00,188.00,111.00,74.00,3.00,1304.00,1620.00,872.00,153.00,0.00,58.66,5.56,2,12,88,223,203,95,11,3
Louis Verstraete,381,11/26/2016,22,39,2,4764.00,3600.00,1.32,2011.00,1426.00,403.00,140.00,140.00,10.00,810.00,1257.00,1319.00,1192.00,200.00,70.72,6.41,2,17,146,327,310,141,21,7
Jeremy Taravel,382,11/28/2016,23,26,6,6093.00,4980.00,1.22,2516.00,1688.00,659.00,236.00,174.00,5.00,683.00,1719.00,1641.00,1820.00,90.00,57.13,7.56,0,39,151,304,235,187,38,2
Lucas Schoofs,383,11/28/2016,23,27,4,6718.00,4980.00,1.35,2462.00,2010.00,943.00,393.00,174.00,10.00,918.00,1411.00,1094.00,1082.00,1260.00,69.85,4.56,7,45,209,276,233,203,61,4
Ofir Davidzada,384,11/28/2016,23,29,6,6402.00,4980.00,1.29,2544.00,1800.00,895.00,247.00,101.00,11.00,1529.00,1463.00,1120.00,1173.00,65.00,60.15,5.80,5,39,204,301,241,222,46,6
Kalifa Coulibaly,385,11/28/2016,23,42,4,5611.00,4980.00,1.13,2546.00,1339.00,570.00,212.00,108.00,6.00,545.00,1031.00,1689.00,1534.00,330.00,50.17,7.07,4,25,141,258,201,175,30,3
Kenneth Saief,386,11/28/2016,23,48,5,6483.00,4980.00,1.30,2663.00,2094.00,671.00,198.00,49.00,1.00,1317.00,1333.00,1765.00,688.00,448.00,64.96,5.97,2,25,187,359,291,210,41,0
Rob Schoofs,387,11/28/2016,23,31,4,5690.00,4980.00,1.14,2541.00,1542.00,587.00,128.00,70.00,6.00,1911.00,1194.00,885.00,540.00,71.00,63.90,7.53,2,25,162,271,235,175,23,3
Brecht Dejaegere,388,11/28/2016,23,43,3,6330.00,4980.00,1.27,2526.00,1849.00,839.00,287.00,42.00,7.00,1375.00,1458.00,1110.00,977.00,18.00,64.56,6.99,8,39,189,336,244,213,60,3
Moses Simon,389,11/28/2016,23,49,5,5496.00,4980.00,1.10,2289.00,1550.00,596.00,168.00,56.00,17.00,1784.00,1323.00,939.00,718.00,308.00,62.73,,2,30,170,261,209,178,39,13
Anderson Esiti,390,11/28/2016,23,35,3,6205.00,4980.00,1.25,2655.00,1464.00,841.00,271.00,71.00,7.00,530.00,1490.00,1139.00,1083.00,990.00,59.10,9.23,4,36,165,251,205,180,46,2
Dieumerci Ndongala,391,11/28/2016,23,37,6,5155.00,4980.00,1.04,2064.00,1598.00,559.00,154.00,35.00,5.00,478.00,1673.00,1456.00,1052.00,507.00,58.66,5.56,6,27,157,259,196,181,38,4
Thomas Matton,392,11/28/2016,23,24,2,6259.00,3600.00,1.74,1689.00,2742.00,931.00,241.00,0.00,2.00,906.00,2132.00,902.00,93.00,0.00,68.84,4.49,0,6,73,224,220,84,3,0
Renato Neto,393,11/28/2016,23,46,3,5644.00,3600.00,1.57,1774.00,2445.00,893.00,34.00,0.00,1.00,1492.00,1825.00,63.00,0.00,0.00,62.71,6.69,2,7,82,215,189,73,7,1
Stefan Mitrovic,394,11/28/2016,23,52,2,5508.00,3600.00,1.53,1550.00,2444.00,791.00,145.00,5.00,0.00,1211.00,1669.00,392.00,0.00,0.00,64.43,5.46,0,6,65,201,191,70,8,0
Hannes Van Der Bruggen,395,11/28/2016,23,50,3,6049.00,3600.00,1.68,1929.00,2494.00,822.00,178.00,0.00,0.00,1294.00,1909.00,575.00,61.00,0.00,64.63,6.10,1,11,77,266,227,81,7,0
Lasse Nielsen,396,11/28/2016,23,47,4,4995.00,3600.00,1.39,1596.00,2170.00,589.00,25.00,0.00,0.00,884.00,1873.00,793.00,71.00,24.00,54.56,8.03,1,4,55,187,143,65,4,0
Jeremy Perbet,397,11/28/2016,23,32,4,5547.00,3600.00,1.54,1669.00,2411.00,859.00,115.00,0.00,0.00,1031.00,1220.00,1227.00,8.00,3.00,60.29,4.64,0,7,56,203,153,78,4,0
Thomas Foket,398,11/28/2016,23,44,3,6174.00,3600.00,1.72,1718.00,2662.00,1013.00,183.00,0.00,1.00,1055.00,1759.00,711.00,20.00,0.00,68.84,5.91,0,14,71,239,203,92,8,1
Rami Gershon,399,11/28/2016,23,36,1,5666.00,3600.00,1.57,1728.00,2295.00,802.00,296.00,0.00,2.00,1227.00,1494.00,95.00,77.00,0.00,60.00,5.89,2,4,56,202,170,71,7,1
