Speler,Totaal,Datum,Training#,Idnummer,RPE,Totaal afstand (m),Totaal tijd (s),Gemiddelde snelheid (m/s),S1,S2,S3,S4,S5,Aantal sprints,H5060,H6070,H7080,H8090,H90100,Variabele A,Variabele B,Versnelling_negatief4,Versnelling_negatief3,Versnelling_negatief2,Versnelling_negatief1,Versnelling_positief1,Versnelling_positief2,Versnelling_positief3,Versnelling_positief4,Temperature,Humidity,Windspeed,Visibility,Weather Type,overall,phy,pac
Nana Asare,1,2015-07-21,1,1,3,6996.0,8100.0,0.86,3304.0,1767.0,558.0,826.0,179.0,13.0,2759.0,1840.0,768.0,534.0,14.0,61.03,4.24,,,,,,,,,23,68,18,8,122,71,71,78
Kalifa Coulibaly,2,2015-07-21,1,2,3,7310.0,8100.0,0.9,3441.0,1621.0,734.0,934.0,232.0,40.0,1354.0,2397.0,2864.0,1242.0,0.0,48.66,7.07,,,,,,,,,23,68,18,8,122,64,67,70
Brecht Dejaegere,3,2015-07-21,1,3,3,7644.0,8100.0,0.94,3590.0,1918.0,859.0,813.0,138.0,5.0,2751.0,2927.0,994.0,277.0,0.0,62.23,6.99,,,,,,,,,23,68,18,8,122,71,73,75
Laurent Depoitre,4,2015-07-21,1,4,5,7553.0,8100.0,0.93,3604.0,1947.0,730.0,764.0,201.0,13.0,2583.0,3573.0,933.0,368.0,0.0,63.65,,,,,,,,,,23,68,18,8,122,70,85,71
Thomas Foket,5,2015-07-21,1,5,3,8397.0,8100.0,1.04,3144.0,2329.0,1531.0,800.0,246.0,8.0,2283.0,2896.0,1705.0,388.0,0.0,68.49,5.91,,,,,,,,,23,68,18,8,122,69,66,78
Haris Hajradinovic,6,2015-07-21,1,6,4,7887.0,8100.0,0.97,3879.0,1787.0,787.0,831.0,283.0,15.0,2624.0,2164.0,930.0,469.0,498.0,65.0,,,,,,,,,,23,68,18,8,122,67,68,62
Hatem Elhamed,7,2015-07-21,1,7,5,6718.0,8100.0,0.83,3080.0,1920.0,560.0,696.0,105.0,18.0,2821.0,1526.0,602.0,23.0,0.0,58.01,,,,,,,,,,23,68,18,8,122,63,54,73
Sven Kums,8,2015-07-21,1,9,4,6949.0,8100.0,0.86,3314.0,1693.0,765.0,780.0,91.0,2.0,2885.0,2039.0,737.0,324.0,0.0,62.23,,,,,,,,,,23,68,18,8,122,71,64,68
Renato Neto,9,2015-07-21,1,11,4,7385.0,8100.0,0.91,3440.0,1705.0,851.0,849.0,210.0,38.0,1665.0,2728.0,1860.0,498.0,168.0,61.1,6.69,,,,,,,,,23,68,18,8,122,70,80,64
Lasse Nielsen,10,2015-07-21,1,12,3,7488.0,8100.0,0.92,3306.0,2121.0,784.0,806.0,141.0,8.0,1970.0,2178.0,1612.0,762.0,45.0,57.75,8.03,,,,,,,,,23,68,18,8,122,68,74,66
Mustapha Oussalah,11,2015-07-21,1,13,2,7153.0,8100.0,0.88,3672.0,1646.0,677.0,744.0,67.0,5.0,2925.0,1188.0,517.0,162.0,0.0,62.95,,,,,,,,,,23,68,18,8,122,66,65,65
Nicklas Pedersen,12,2015-07-21,1,14,5,7060.0,8100.0,0.87,3534.0,1622.0,731.0,727.0,154.0,16.0,1952.0,3392.0,1376.0,689.0,237.0,59.21,,,,,,,,,,23,68,18,8,122,69,60,59
Marko Poletanovic,13,2015-07-21,1,15,2,6945.0,8100.0,0.86,3330.0,1939.0,729.0,622.0,54.0,9.0,2837.0,1593.0,566.0,419.0,0.0,58.58,,,,,,,,,,23,68,18,8,122,66,66,63
Rafael Rafinha,14,2015-07-21,1,16,6,7681.0,8100.0,0.95,3400.0,1986.0,952.0,828.0,158.0,9.0,2242.0,2008.0,913.0,481.0,0.0,57.53,,,,,,,,,,23,68,18,8,122,65,70,72
Benito Raman,15,2015-07-21,1,17,3,7736.0,8100.0,0.96,3086.0,2022.0,1151.0,898.0,259.0,28.0,2508.0,2760.0,1250.0,173.0,0.0,63.14,,,,,,,,,,23,68,18,8,122,68,43,92
Kenneth Saief,16,2015-07-21,1,18,5,7158.0,8100.0,0.88,3305.0,1705.0,826.0,790.0,215.0,25.0,3053.0,1293.0,761.0,306.0,0.0,58.58,5.97,,,,,,,,,23,68,18,8,122,66,61,67
Moses Simon,17,2015-07-21,1,19,6,6232.0,8100.0,0.77,2836.0,1597.0,487.0,811.0,198.0,13.0,2618.0,1988.0,559.0,293.0,0.0,59.67,,,,,,,,,,23,68,18,8,122,71,60,89
Yaya Soumahoro,18,2015-07-21,1,20,3,6879.0,8100.0,0.85,3095.0,2026.0,738.0,618.0,68.0,3.0,2895.0,2584.0,880.0,584.0,0.0,61.05,,,,,,,,,,23,68,18,8,122,68,52,87
Serge Tabekou,19,2015-07-21,1,21,5,7024.0,8100.0,0.87,3195.0,1910.0,732.0,658.0,191.0,24.0,2022.0,1648.0,970.0,626.0,27.0,58.37,,,,,,,,,,23,68,18,8,122,61,71,84
Hannes Van Der Bruggen,20,2015-07-21,1,22,2,8270.0,8100.0,1.02,3636.0,2354.0,1005.0,804.0,150.0,8.0,2355.0,2408.0,1011.0,157.0,0.0,61.96,6.1,,,,,,,,,23,68,18,8,122,68,66,62
Uros Vitas,21,2015-07-21,1,23,3,7289.0,8100.0,0.9,2643.0,2370.0,888.0,866.0,185.0,59.0,2136.0,2288.0,1806.0,803.0,59.0,57.63,,,,,,,,,,23,68,18,8,122,63,69,49
Nana Asare,22,2015-07-23,2,1,6,3816.0,3562.0,1.07,1430.0,962.0,583.0,401.0,302.0,14.0,484.0,697.0,726.0,896.0,713.0,61.03,4.24,,,,,,,,,21,54,9,10,122,71,71,78
Kalifa Coulibaly,23,2015-07-23,2,2,5,4015.0,3562.0,1.13,1591.0,1664.0,403.0,175.0,108.0,6.0,262.0,587.0,1388.0,1145.0,168.0,48.66,7.07,,,,,,,,,21,54,9,10,122,64,67,70
Brecht Dejaegere,24,2015-07-23,2,3,6,3982.0,3562.0,1.12,1605.0,773.0,702.0,460.0,290.0,16.0,543.0,897.0,623.0,1370.0,129.0,62.23,6.99,,,,,,,,,21,54,9,10,122,71,73,75
Laurent Depoitre,25,2015-07-23,2,4,5,3891.0,3562.0,1.09,1609.0,877.0,562.0,413.0,313.0,9.0,684.0,573.0,1065.0,1224.0,0.0,63.65,,,,,,,,,,21,54,9,10,122,70,85,71
Thomas Foket,26,2015-07-23,2,5,5,4941.0,3562.0,1.39,1415.0,1509.0,1051.0,508.0,340.0,14.0,408.0,949.0,1097.0,1008.0,96.0,68.49,5.91,,,,,,,,,21,54,9,10,122,69,66,78
Haris Hajradinovic,27,2015-07-23,2,7,5,4441.0,3562.0,1.25,1172.0,1357.0,1115.0,482.0,198.0,7.0,770.0,1011.0,998.0,754.0,15.0,58.01,,,,,,,,,,21,54,9,10,122,63,54,73
Hatem Elhamed,28,2015-07-23,2,6,2,4134.0,3562.0,1.16,1524.0,988.0,686.0,411.0,426.0,18.0,825.0,590.0,885.0,925.0,0.0,65.0,,,,,,,,,,21,54,9,10,122,67,68,62
Sven Kums,29,2015-07-23,2,9,5,4242.0,3562.0,1.19,1528.0,933.0,855.0,538.0,256.0,13.0,716.0,704.0,844.0,1119.0,133.0,62.23,,,,,,,,,,21,54,9,10,122,71,64,68
Danijel Milicevic,30,2015-07-23,2,10,6,4759.0,3562.0,1.34,1141.0,1847.0,964.0,530.0,194.0,2.0,841.0,687.0,1079.0,641.0,12.0,57.44,7.2,,,,,,,,,21,54,9,10,122,71,50,71
Renato Neto,31,2015-07-23,2,11,5,4524.0,3562.0,1.27,1650.0,960.0,913.0,497.0,372.0,22.0,106.0,764.0,797.0,1329.0,566.0,61.1,6.69,,,,,,,,,21,54,9,10,122,70,80,64
Lasse Nielsen,32,2015-07-23,2,12,5,3822.0,3562.0,1.07,1500.0,875.0,654.0,414.0,234.0,10.0,842.0,569.0,553.0,1190.0,354.0,57.75,8.03,,,,,,,,,21,54,9,10,122,68,74,66
Mustapha Oussalah,33,2015-07-23,2,13,4,4122.0,3562.0,1.16,1879.0,893.0,667.0,380.0,168.0,13.0,866.0,715.0,987.0,753.0,0.0,62.95,,,,,,,,,,21,54,9,10,122,66,65,65
Marko Poletanovic,34,2015-07-23,2,15,7,4166.0,3562.0,1.17,1767.0,981.0,747.0,349.0,217.0,14.0,596.0,701.0,765.0,1133.0,312.0,58.58,,,,,,,,,,21,54,9,10,122,66,66,63
Rafael Rafinha,35,2015-07-23,2,16,6,4079.0,3562.0,1.15,1613.0,866.0,827.0,403.0,262.0,11.0,633.0,526.0,827.0,1227.0,324.0,57.53,,,,,,,,,,21,54,9,10,122,65,70,72
Benito Raman,36,2015-07-23,2,17,5,3777.0,3562.0,1.06,1244.0,861.0,718.0,559.0,272.0,14.0,750.0,888.0,1067.0,818.0,0.0,63.14,,,,,,,,,,21,54,9,10,122,68,43,92
Kenneth Saief,37,2015-07-23,2,18,5,4368.0,3562.0,1.23,1498.0,1374.0,781.0,373.0,188.0,24.0,399.0,754.0,800.0,1052.0,539.0,58.58,5.97,,,,,,,,,21,54,9,10,122,66,61,67
Moses Simon,38,2015-07-23,2,19,4,3668.0,3562.0,1.03,1316.0,845.0,724.0,411.0,239.0,1.0,1087.0,718.0,953.0,497.0,65.0,59.67,,,,,,,,,,21,54,9,10,122,71,60,89
Yaya Soumahoro,39,2015-07-23,2,20,5,3853.0,3562.0,1.08,1523.0,875.0,629.0,387.0,320.0,22.0,734.0,854.0,694.0,1072.0,121.0,61.05,,,,,,,,,,21,54,9,10,122,68,52,87
Serge Tabekou,40,2015-07-23,2,21,4,4227.0,3562.0,1.19,1288.0,1317.0,818.0,439.0,270.0,16.0,792.0,439.0,557.0,931.0,176.0,58.37,,,,,,,,,,21,54,9,10,122,61,71,84
Hannes Van Der Bruggen,41,2015-07-23,2,22,6,4547.0,3562.0,1.28,1622.0,1058.0,840.0,596.0,305.0,20.0,839.0,664.0,744.0,1169.0,115.0,61.96,6.1,,,,,,,,,21,54,9,10,122,68,66,62
Uros Vitas,42,2015-07-23,2,23,7,3895.0,3562.0,1.09,1647.0,947.0,595.0,234.0,365.0,72.0,485.0,584.0,498.0,1564.0,394.0,57.63,,,,,,,,,,21,54,9,10,122,63,69,49
Nana Asare,43,2015-07-27,3,1,3,5033.0,5400.0,0.93,1063.0,3966.0,0.0,0.0,0.0,0.0,69.0,2289.0,99.0,0.0,0.0,61.03,4.24,,,,,,,,,18,80,26,9,353,71,71,78
Kalifa Coulibaly,44,2015-07-27,3,2,4,8217.0,5400.0,1.52,4430.0,2181.0,582.0,435.0,134.0,13.0,560.0,2218.0,2931.0,1544.0,287.0,48.66,7.07,,,,,,,,,18,80,26,9,353,64,67,70
Brecht Dejaegere,45,2015-07-27,3,3,3,6968.0,5400.0,1.29,148.0,5199.0,1599.0,0.0,0.0,0.0,32.0,2398.0,0.0,0.0,0.0,62.23,6.99,,,,,,,,,18,80,26,9,353,71,73,75
Laurent Depoitre,46,2015-07-27,3,4,3,5489.0,5400.0,1.02,411.0,5069.0,3.0,0.0,0.0,0.0,62.0,2342.0,4.0,0.0,0.0,63.65,,,,,,,,,,18,80,26,9,353,70,85,71
Thomas Foket,47,2015-07-27,3,5,2,6171.0,5400.0,1.14,226.0,5920.0,9.0,0.0,0.0,0.0,55.0,2307.0,60.0,0.0,0.0,68.49,5.91,,,,,,,,,18,80,26,9,353,69,66,78
Hatem Elhamed,48,2015-07-27,3,6,5,8374.0,5400.0,1.55,4261.0,2246.0,728.0,483.0,360.0,33.0,2126.0,2082.0,477.0,691.0,0.0,65.0,,,,,,,,,,18,80,26,9,353,67,68,62
Sven Kums,49,2015-07-27,3,9,3,6175.0,5400.0,1.14,128.0,6010.0,21.0,0.0,0.0,0.0,194.0,2202.0,41.0,0.0,0.0,62.23,,,,,,,,,,18,80,26,9,353,71,64,68
Danijel Milicevic,50,2015-07-27,3,10,4,7114.0,5400.0,1.32,3172.0,2316.0,719.0,408.0,175.0,14.0,2112.0,1521.0,770.0,130.0,0.0,57.44,7.2,,,,,,,,,18,80,26,9,353,71,50,71
Renato Neto,51,2015-07-27,3,11,2,5923.0,5400.0,1.1,176.0,5666.0,52.0,0.0,0.0,0.0,34.0,262.0,2144.0,26.0,0.0,61.1,6.69,,,,,,,,,18,80,26,9,353,70,80,64
Lasse Nielsen,52,2015-07-27,3,12,1,6291.0,5400.0,1.17,540.0,5671.0,65.0,0.0,0.0,0.0,58.0,1917.0,654.0,1.0,0.0,57.75,8.03,,,,,,,,,18,80,26,9,353,68,74,66
Mustapha Oussalah,53,2015-07-27,3,13,5,7811.0,5400.0,1.45,3535.0,2206.0,795.0,624.0,394.0,31.0,2284.0,1889.0,592.0,656.0,26.0,62.95,,,,,,,,,,18,80,26,9,353,66,65,65
Nicklas Pedersen,54,2015-07-27,3,14,7,7542.0,5400.0,1.4,3914.0,1619.0,558.0,730.0,358.0,32.0,1964.0,2972.0,1783.0,586.0,288.0,59.21,,,,,,,,,,18,80,26,9,353,69,60,59
Rafael Rafinha,55,2015-07-27,3,16,5,5675.0,5400.0,1.05,165.0,5494.0,0.0,0.0,0.0,0.0,143.0,1145.0,1232.0,0.0,0.0,57.53,,,,,,,,,,18,80,26,9,353,65,70,72
Benito Raman,56,2015-07-27,3,17,4,7516.0,5400.0,1.39,3336.0,2217.0,770.0,493.0,374.0,32.0,2809.0,1750.0,907.0,727.0,6.0,63.14,,,,,,,,,,18,80,26,9,353,68,43,92
Kenneth Saief,57,2015-07-27,3,18,4,5088.0,5400.0,0.94,2512.0,1581.0,363.0,334.0,53.0,24.0,2621.0,1947.0,550.0,0.0,0.0,58.58,5.97,,,,,,,,,18,80,26,9,353,66,61,67
Moses Simon,58,2015-07-27,3,19,6,6910.0,5400.0,1.28,2889.0,2188.0,725.0,481.0,299.0,25.0,2256.0,2384.0,1106.0,438.0,266.0,59.67,,,,,,,,,,18,80,26,9,353,71,60,89
Yaya Soumahoro,59,2015-07-27,3,20,4,8567.0,5400.0,1.59,3257.0,2799.0,906.0,632.0,622.0,42.0,1999.0,2335.0,1519.0,715.0,190.0,61.05,,,,,,,,,,18,80,26,9,353,68,52,87
Serge Tabekou,60,2015-07-27,3,21,4,8238.0,5400.0,1.53,4258.0,2027.0,749.0,551.0,296.0,33.0,2232.0,2075.0,702.0,441.0,66.0,58.37,,,,,,,,,,18,80,26,9,353,61,71,84
Hannes Van Der Bruggen,61,2015-07-27,3,22,5,8449.0,5400.0,1.56,3730.0,2693.0,856.0,574.0,254.0,28.0,2836.0,1469.0,601.0,726.0,91.0,61.96,6.1,,,,,,,,,18,80,26,9,353,68,66,62
Uros Vitas,62,2015-07-27,3,23,4,7862.0,5400.0,1.46,3682.0,2301.0,810.0,503.0,234.0,59.0,2250.0,2019.0,1471.0,620.0,382.0,57.63,,,,,,,,,,18,80,26,9,353,63,69,49
Nana Asare,63,2015-07-29,4,1,3,4014.0,3793.0,1.06,1505.0,1315.0,589.0,232.0,257.0,7.0,756.0,702.0,960.0,278.0,645.0,61.03,4.24,,,,,,,,,19,50,24,10,176,71,71,78
Kalifa Coulibaly,64,2015-07-29,4,2,4,4554.0,3793.0,1.2,1649.0,1358.0,644.0,308.0,462.0,9.0,738.0,709.0,1121.0,1008.0,217.0,48.66,7.07,,,,,,,,,19,50,24,10,176,64,67,70
Brecht Dejaegere,65,2015-07-29,4,3,3,4501.0,3793.0,1.19,1653.0,1246.0,850.0,437.0,181.0,2.0,988.0,889.0,1176.0,463.0,197.0,62.23,6.99,,,,,,,,,19,50,24,10,176,71,73,75
Laurent Depoitre,66,2015-07-29,4,4,3,4354.0,3793.0,1.15,1741.0,1258.0,695.0,305.0,230.0,3.0,1072.0,1173.0,553.0,174.0,0.0,63.65,,,,,,,,,,19,50,24,10,176,70,85,71
Thomas Foket,67,2015-07-29,4,5,4,4797.0,3793.0,1.26,1604.0,1174.0,1013.0,547.0,310.0,5.0,637.0,1043.0,1115.0,621.0,302.0,68.49,5.91,,,,,,,,,19,50,24,10,176,69,66,78
Hatem Elhamed,68,2015-07-29,4,6,3,4376.0,3793.0,1.15,1659.0,1293.0,801.0,228.0,251.0,6.0,967.0,830.0,517.0,526.0,0.0,65.0,,,,,,,,,,19,50,24,10,176,67,68,62
Sven Kums,69,2015-07-29,4,9,3,4362.0,3793.0,1.15,1706.0,1159.0,876.0,312.0,179.0,1.0,881.0,1074.0,274.0,306.0,329.0,62.23,,,,,,,,,,19,50,24,10,176,71,64,68
Danijel Milicevic,70,2015-07-29,4,10,3,4345.0,3793.0,1.15,1656.0,1012.0,762.0,462.0,333.0,4.0,996.0,876.0,252.0,418.0,206.0,57.44,7.2,,,,,,,,,19,50,24,10,176,71,50,71
Renato Neto,71,2015-07-29,4,11,4,4390.0,3793.0,1.16,1452.0,1145.0,1012.0,366.0,259.0,7.0,1158.0,897.0,930.0,304.0,464.0,61.1,6.69,,,,,,,,,19,50,24,10,176,70,80,64
Lasse Nielsen,72,2015-07-29,4,12,3,4347.0,3793.0,1.15,1594.0,1351.0,682.0,346.0,242.0,2.0,1021.0,815.0,841.0,575.0,343.0,57.75,8.03,,,,,,,,,19,50,24,10,176,68,74,66
Nicklas Pedersen,73,2015-07-29,4,14,3,2766.0,3793.0,0.73,1284.0,888.0,304.0,115.0,75.0,3.0,1358.0,879.0,690.0,125.0,0.0,59.21,,,,,,,,,,19,50,24,10,176,69,60,59
Marko Poletanovic,74,2015-07-29,4,15,3,4773.0,3793.0,1.26,1627.0,1382.0,993.0,415.0,219.0,5.0,690.0,1220.0,635.0,285.0,531.0,58.58,,,,,,,,,,19,50,24,10,176,66,66,63
Rafael Rafinha,75,2015-07-29,4,16,4,4396.0,3793.0,1.16,1668.0,1186.0,646.0,438.0,294.0,2.0,799.0,764.0,834.0,543.0,214.0,57.53,,,,,,,,,,19,50,24,10,176,65,70,72
Benito Raman,76,2015-07-29,4,17,4,4446.0,3793.0,1.17,1540.0,1222.0,900.0,369.0,283.0,5.0,950.0,1087.0,734.0,646.0,0.0,63.14,,,,,,,,,,19,50,24,10,176,68,43,92
Kenneth Saief,77,2015-07-29,4,18,4,4538.0,3793.0,1.2,1778.0,1055.0,958.0,366.0,228.0,5.0,1104.0,890.0,890.0,308.0,430.0,58.58,5.97,,,,,,,,,19,50,24,10,176,66,61,67
Moses Simon,78,2015-07-29,4,19,2,3978.0,3793.0,1.05,1261.0,1172.0,877.0,263.0,259.0,0.0,1067.0,874.0,938.0,596.0,169.0,59.67,,,,,,,,,,19,50,24,10,176,71,60,89
Yaya Soumahoro,79,2015-07-29,4,20,2,4386.0,3793.0,1.16,1485.0,1463.0,722.0,228.0,328.0,6.0,804.0,895.0,1004.0,590.0,333.0,61.05,,,,,,,,,,19,50,24,10,176,68,52,87
Serge Tabekou,80,2015-07-29,4,21,3,2712.0,3793.0,0.72,1111.0,750.0,412.0,163.0,115.0,8.0,728.0,656.0,432.0,194.0,0.0,58.37,,,,,,,,,,19,50,24,10,176,61,71,84
Hannes Van Der Bruggen,81,2015-07-29,4,22,4,4844.0,3793.0,1.28,1793.0,1271.0,923.0,415.0,309.0,3.0,778.0,1026.0,689.0,326.0,317.0,61.96,6.1,,,,,,,,,19,50,24,10,176,68,66,62
Uros Vitas,82,2015-07-29,4,23,3,4238.0,3793.0,1.12,1635.0,1235.0,714.0,307.0,193.0,20.0,813.0,1036.0,970.0,421.0,138.0,57.63,,,,,,,,,,19,50,24,10,176,63,69,49
Kalifa Coulibaly,83,2015-08-01,5,2,4,5761.0,5400.0,1.07,3180.0,1479.0,449.0,346.0,31.0,13.0,358.0,679.0,1256.0,1546.0,1163.0,48.66,7.07,,,,,,,,,23,47,5,10,116,64,67,70
Brecht Dejaegere,84,2015-08-01,5,3,2,6204.0,5400.0,1.15,174.0,5675.0,321.0,0.0,0.0,0.0,153.0,2187.0,0.0,0.0,0.0,62.23,6.99,,,,,,,,,23,47,5,10,116,71,73,75
Thomas Foket,85,2015-08-01,5,5,2,6036.0,5400.0,1.12,169.0,5849.0,0.0,0.0,0.0,0.0,1353.0,1056.0,0.0,0.0,0.0,68.49,5.91,,,,,,,,,23,47,5,10,116,69,66,78
Haris Hajradinovic,86,2015-08-01,5,7,5,6814.0,5400.0,1.26,3383.0,1631.0,887.0,426.0,271.0,12.0,341.0,994.0,1347.0,1286.0,1241.0,58.01,,,,,,,,,,23,47,5,10,116,63,54,73
Hatem Elhamed,87,2015-08-01,5,6,4,6705.0,5400.0,1.24,3070.0,1462.0,797.0,520.0,634.0,15.0,1546.0,993.0,1023.0,988.0,0.0,65.0,,,,,,,,,,23,47,5,10,116,67,68,62
Erik Johansson,88,2015-08-01,5,8,5,6624.0,5400.0,1.23,2832.0,1605.0,771.0,501.0,688.0,15.0,232.0,687.0,1281.0,1767.0,1666.0,62.46,,,,,,,,,,23,47,5,10,116,70,72,58
Danijel Milicevic,89,2015-08-01,5,10,2,5938.0,5400.0,1.1,368.0,5505.0,39.0,0.0,0.0,0.0,1732.0,384.0,0.0,0.0,0.0,57.44,7.2,,,,,,,,,23,47,5,10,116,71,50,71
Renato Neto,90,2015-08-01,5,11,2,973.0,5400.0,0.18,681.0,104.0,1.0,0.0,0.0,0.0,1883.0,392.0,123.0,0.0,0.0,61.1,6.69,,,,,,,,,23,47,5,10,116,70,80,64
Lasse Nielsen,91,2015-08-01,5,12,2,931.0,5400.0,0.17,627.0,101.0,4.0,3.0,2.0,0.0,1021.0,297.0,71.0,0.0,0.0,57.75,8.03,,,,,,,,,23,47,5,10,116,68,74,66
Mustapha Oussalah,92,2015-08-01,5,13,5,6524.0,5400.0,1.21,3436.0,1427.0,680.0,328.0,422.0,5.0,835.0,1524.0,1199.0,1360.0,464.0,62.95,,,,,,,,,,23,47,5,10,116,66,65,65
Nicklas Pedersen,93,2015-08-01,5,14,6,6813.0,5400.0,1.26,3813.0,1353.0,515.0,359.0,447.0,32.0,483.0,1478.0,1294.0,1517.0,1095.0,59.21,,,,,,,,,,23,47,5,10,116,69,60,59
Marko Poletanovic,94,2015-08-01,5,15,5,6575.0,5400.0,1.22,3328.0,1625.0,670.0,385.0,324.0,17.0,1056.0,1156.0,838.0,1143.0,545.0,58.58,,,,,,,,,,23,47,5,10,116,66,66,63
Rafael Rafinha,95,2015-08-01,5,16,3,6180.0,5400.0,1.14,595.0,5562.0,3.0,0.0,0.0,20.0,117.0,2268.0,78.0,0.0,0.0,57.53,,,,,,,,,,23,47,5,10,116,65,70,72
Benito Raman,96,2015-08-01,5,17,3,6329.0,5400.0,1.17,3192.0,1329.0,717.0,456.0,394.0,10.0,578.0,1693.0,1282.0,1231.0,739.0,63.14,,,,,,,,,,23,47,5,10,116,68,43,92
Kenneth Saief,97,2015-08-01,5,18,8,6528.0,5400.0,1.21,2856.0,1724.0,747.0,548.0,360.0,0.0,1102.0,1433.0,1202.0,898.0,899.0,58.58,5.97,,,,,,,,,23,47,5,10,116,66,61,67
Moses Simon,98,2015-08-01,5,19,2,5938.0,5400.0,1.1,777.0,4973.0,174.0,0.0,0.0,0.0,171.0,2327.0,8.0,0.0,0.0,59.67,,,,,,,,,,23,47,5,10,116,71,60,89
Yaya Soumahoro,99,2015-08-01,5,20,5,5942.0,5400.0,1.1,3029.0,1309.0,650.0,369.0,346.0,23.0,961.0,1462.0,954.0,1030.0,461.0,61.05,,,,,,,,,,23,47,5,10,116,68,52,87
Serge Tabekou,100,2015-08-01,5,21,4,6154.0,5400.0,1.14,3226.0,1385.0,657.0,386.0,310.0,21.0,781.0,1088.0,1124.0,830.0,1003.0,58.37,,,,,,,,,,23,47,5,10,116,61,71,84
Hannes Van Der Bruggen,101,2015-08-01,5,22,7,7472.0,5400.0,1.38,3318.0,1524.0,915.0,625.0,800.0,7.0,532.0,1574.0,1265.0,836.0,1308.0,61.96,6.1,,,,,,,,,23,47,5,10,116,68,66,62
Uros Vitas,102,2015-08-01,5,23,4,5735.0,5400.0,1.06,3180.0,1371.0,503.0,252.0,178.0,37.0,870.0,1182.0,783.0,1194.0,701.0,57.63,,,,,,,,,,23,47,5,10,116,63,69,49
Nana Asare,103,2015-08-03,6,1,7,10194.0,4314.0,2.36,897.0,1899.0,7116.0,240.0,0.0,0.0,1002.0,568.0,193.0,1072.0,1205.0,61.03,4.24,,,,,,,,,25,50,18,10,113,71,71,78
Kalifa Coulibaly,104,2015-08-03,6,2,7,10081.0,4314.0,2.34,813.0,2857.0,6084.0,304.0,0.0,0.0,523.0,1068.0,598.0,775.0,1290.0,48.66,7.07,,,,,,,,,25,50,18,10,113,64,67,70
Brecht Dejaegere,105,2015-08-03,6,3,9,11310.0,4314.0,2.62,477.0,2471.0,7546.0,779.0,19.0,0.0,582.0,1108.0,379.0,1367.0,855.0,62.23,6.99,,,,,,,,,25,50,18,10,113,71,73,75
Thomas Foket,106,2015-08-03,6,5,6,9553.0,4314.0,2.21,367.0,5226.0,3527.0,367.0,32.0,0.0,945.0,848.0,456.0,1338.0,566.0,68.49,5.91,,,,,,,,,25,50,18,10,113,69,66,78
Hatem Elhamed,107,2015-08-03,6,6,9,5554.0,4314.0,1.29,3954.0,1571.0,0.0,0.0,0.0,0.0,785.0,1017.0,253.0,2118.0,0.0,65.0,,,,,,,,,,25,50,18,10,113,67,68,62
Sven Kums,108,2015-08-03,6,9,6,7754.0,4314.0,1.8,296.0,2690.0,4643.0,111.0,0.0,0.0,18.0,266.0,585.0,992.0,779.0,62.23,,,,,,,,,,25,50,18,10,113,71,64,68
Renato Neto,109,2015-08-03,6,11,8,10424.0,4314.0,2.42,415.0,2278.0,7273.0,431.0,0.0,0.0,507.0,1269.0,254.0,788.0,1384.0,61.1,6.69,,,,,,,,,25,50,18,10,113,70,80,64
Lasse Nielsen,110,2015-08-03,6,12,7,11209.0,4314.0,2.6,525.0,2482.0,8007.0,159.0,18.0,0.0,361.0,1135.0,387.0,829.0,1481.0,57.75,8.03,,,,,,,,,25,50,18,10,113,68,74,66
Mustapha Oussalah,111,2015-08-03,6,13,5,10509.0,4314.0,2.44,718.0,2223.0,7350.0,180.0,0.0,0.0,1007.0,686.0,1108.0,1075.0,136.0,62.95,,,,,,,,,,25,50,18,10,113,66,65,65
Rafael Rafinha,112,2015-08-03,6,16,9,10447.0,4314.0,2.42,434.0,4274.0,5541.0,169.0,0.0,0.0,295.0,1019.0,375.0,611.0,1828.0,57.53,,,,,,,,,,25,50,18,10,113,65,70,72
Kenneth Saief,113,2015-08-03,6,18,9,10926.0,4314.0,2.53,439.0,2408.0,6711.0,1263.0,72.0,0.0,1163.0,513.0,198.0,1110.0,985.0,58.58,5.97,,,,,,,,,25,50,18,10,113,66,61,67
Moses Simon,114,2015-08-03,6,19,9,11277.0,4314.0,2.61,379.0,2373.0,6590.0,1864.0,15.0,0.0,487.0,1240.0,268.0,485.0,1747.0,59.67,,,,,,,,,,25,50,18,10,113,71,60,89
Yaya Soumahoro,115,2015-08-03,6,20,10,10222.0,4314.0,2.37,533.0,4852.0,4653.0,147.0,0.0,0.0,294.0,1232.0,265.0,1351.0,961.0,61.05,,,,,,,,,,25,50,18,10,113,68,52,87
Serge Tabekou,116,2015-08-03,6,21,7,9920.0,4314.0,2.3,433.0,5692.0,3663.0,79.0,13.0,0.0,526.0,890.0,288.0,733.0,1652.0,58.37,,,,,,,,,,25,50,18,10,113,61,71,84
Hannes Van Der Bruggen,117,2015-08-03,6,22,7,10386.0,4314.0,2.41,419.0,3833.0,5148.0,933.0,9.0,0.0,975.0,826.0,200.0,936.0,1200.0,61.96,6.1,,,,,,,,,25,50,18,10,113,68,66,62
Uros Vitas,118,2015-08-03,6,23,5,8165.0,4314.0,1.89,969.0,6988.0,169.0,8.0,0.0,0.0,485.0,938.0,437.0,1156.0,1094.0,57.63,,,,,,,,,,25,50,18,10,113,63,69,49
Nana Asare,119,2015-08-04,7,1,5,9043.0,8100.0,1.12,3890.0,2495.0,1133.0,592.0,608.0,9.0,1232.0,1714.0,1531.0,708.0,956.0,61.03,4.24,,,,,,,,,19,86,12,5,266,71,71,78
Kalifa Coulibaly,120,2015-08-04,7,2,4,9512.0,8100.0,1.17,4387.0,2569.0,995.0,671.0,611.0,12.0,1369.0,1696.0,2422.0,1551.0,121.0,48.66,7.07,,,,,,,,,19,86,12,5,266,64,67,70
Brecht Dejaegere,121,2015-08-04,7,3,6,10178.0,8100.0,1.26,4033.0,3033.0,1442.0,756.0,614.0,2.0,1672.0,1956.0,1946.0,1290.0,118.0,62.23,6.99,,,,,,,,,19,86,12,5,266,71,73,75
Thomas Foket,122,2015-08-04,7,5,4,10533.0,8100.0,1.3,3666.0,3190.0,1785.0,725.0,815.0,13.0,1493.0,2093.0,2256.0,1215.0,91.0,68.49,5.91,,,,,,,,,19,86,12,5,266,69,66,78
Hatem Elhamed,123,2015-08-04,7,6,6,10072.0,8100.0,1.24,4463.0,2744.0,1365.0,751.0,443.0,13.0,1984.0,2531.0,1103.0,515.0,0.0,65.0,,,,,,,,,,19,86,12,5,266,67,68,62
Erik Johansson,124,2015-08-04,7,8,4,9458.0,8100.0,1.17,3264.0,3315.0,1684.0,630.0,315.0,2.0,1646.0,1354.0,3050.0,1006.0,17.0,62.46,,,,,,,,,,19,86,12,5,266,70,72,58
Sven Kums,125,2015-08-04,7,9,5,10009.0,8100.0,1.24,3883.0,2911.0,1649.0,897.0,403.0,0.0,1882.0,2170.0,1224.0,792.0,506.0,62.23,,,,,,,,,,19,86,12,5,266,71,64,68
Danijel Milicevic,126,2015-08-04,7,10,5,9639.0,8100.0,1.19,4050.0,2713.0,1409.0,757.0,440.0,1.0,1901.0,2151.0,1064.0,789.0,325.0,57.44,7.2,,,,,,,,,19,86,12,5,266,71,50,71
Renato Neto,127,2015-08-04,7,11,5,10173.0,8100.0,1.26,4397.0,2624.0,1627.0,681.0,519.0,17.0,1319.0,1537.0,2352.0,1439.0,591.0,61.1,6.69,,,,,,,,,19,86,12,5,266,70,80,64
Lasse Nielsen,128,2015-08-04,7,12,5,8950.0,8100.0,1.1,3658.0,2999.0,1153.0,528.0,326.0,1.0,1525.0,1737.0,1872.0,774.0,183.0,57.75,8.03,,,,,,,,,19,86,12,5,266,68,74,66
Mustapha Oussalah,129,2015-08-04,7,13,5,10086.0,8100.0,1.25,4622.0,2657.0,919.0,835.0,752.0,6.0,2386.0,1795.0,1418.0,391.0,0.0,62.95,,,,,,,,,,19,86,12,5,266,66,65,65
Marko Poletanovic,130,2015-08-04,7,15,5,9121.0,8100.0,1.13,4000.0,3604.0,752.0,353.0,140.0,8.0,1742.0,1697.0,1628.0,1050.0,273.0,58.58,,,,,,,,,,19,86,12,5,266,66,66,63
Rafael Rafinha,131,2015-08-04,7,16,5,9343.0,8100.0,1.15,4000.0,2599.0,1512.0,628.0,318.0,7.0,1083.0,1979.0,2243.0,1055.0,21.0,57.53,,,,,,,,,,19,86,12,5,266,65,70,72
Benito Raman,132,2015-08-04,7,17,4,10055.0,8100.0,1.24,3814.0,2931.0,1503.0,856.0,562.0,19.0,1656.0,2470.0,2201.0,1123.0,2.0,63.14,,,,,,,,,,19,86,12,5,266,68,43,92
Kenneth Saief,133,2015-08-04,7,18,6,10292.0,8100.0,1.27,4733.0,2753.0,1434.0,637.0,450.0,14.0,1841.0,2320.0,1565.0,838.0,478.0,58.58,5.97,,,,,,,,,19,86,12,5,266,66,61,67
Moses Simon,134,2015-08-04,7,19,4,8608.0,8100.0,1.06,3133.0,2676.0,1510.0,561.0,371.0,3.0,1524.0,2123.0,1922.0,629.0,18.0,59.67,,,,,,,,,,19,86,12,5,266,71,60,89
Yaya Soumahoro,135,2015-08-04,7,20,5,8983.0,8100.0,1.11,3488.0,2895.0,1299.0,526.0,442.0,7.0,1783.0,1953.0,2317.0,1171.0,16.0,61.05,,,,,,,,,,19,86,12,5,266,68,52,87
Hannes Van Der Bruggen,136,2015-08-04,7,22,6,9976.0,8100.0,1.23,3897.0,3131.0,1485.0,787.0,387.0,2.0,1745.0,1731.0,1935.0,937.0,128.0,61.96,6.1,,,,,,,,,19,86,12,5,266,68,66,62
Uros Vitas,137,2015-08-04,7,23,4,9837.0,8100.0,1.21,3921.0,2814.0,1377.0,776.0,594.0,41.0,939.0,1346.0,1676.0,2477.0,320.0,57.63,,,,,,,,,,19,86,12,5,266,63,69,49
Nana Asare,138,2015-08-06,8,1,2,4861.0,5400.0,0.9,2361.0,1354.0,315.0,244.0,342.0,4.0,1338.0,1355.0,1618.0,620.0,0.0,61.03,4.24,,,,,,,,,25,55,15,10,116,71,71,78
Kalifa Coulibaly,139,2015-08-06,8,2,4,5115.0,5400.0,0.95,2257.0,1476.0,472.0,381.0,358.0,12.0,753.0,1026.0,2648.0,713.0,0.0,48.66,7.07,,,,,,,,,25,55,15,10,116,64,67,70
Brecht Dejaegere,140,2015-08-06,8,3,3,4959.0,5400.0,0.92,2003.0,1620.0,430.0,376.0,332.0,3.0,816.0,2043.0,2071.0,205.0,0.0,62.23,6.99,,,,,,,,,25,55,15,10,116,71,73,75
Laurent Depoitre,141,2015-08-06,8,4,3,5459.0,5400.0,1.01,2624.0,1754.0,461.0,215.0,180.0,5.0,719.0,2108.0,2125.0,210.0,0.0,63.65,,,,,,,,,,25,55,15,10,116,70,85,71
Thomas Foket,142,2015-08-06,8,5,2,5421.0,5400.0,1.0,2282.0,1562.0,759.0,297.0,304.0,10.0,1553.0,1470.0,1588.0,449.0,0.0,68.49,5.91,,,,,,,,,25,55,15,10,116,69,66,78
Haris Hajradinovic,143,2015-08-06,8,7,5,5353.0,5400.0,0.99,2053.0,1730.0,587.0,330.0,466.0,18.0,1198.0,1689.0,1640.0,385.0,4.0,58.01,,,,,,,,,,25,55,15,10,116,63,54,73
Hatem Elhamed,144,2015-08-06,8,6,3,5137.0,5400.0,0.95,2405.0,1521.0,541.0,223.0,251.0,1.0,1469.0,1742.0,770.0,0.0,0.0,65.0,,,,,,,,,,25,55,15,10,116,67,68,62
Erik Johansson,145,2015-08-06,8,8,3,5095.0,5400.0,0.94,1819.0,1683.0,800.0,434.0,193.0,3.0,1089.0,1725.0,1908.0,170.0,0.0,62.46,,,,,,,,,,25,55,15,10,116,70,72,58
Sven Kums,146,2015-08-06,8,9,4,4493.0,5400.0,0.83,2191.0,1343.0,452.0,248.0,62.0,4.0,2249.0,1465.0,768.0,194.0,0.0,62.23,,,,,,,,,,25,55,15,10,116,71,64,68
Thomas Matton,147,2015-08-06,8,24,2,5330.0,5400.0,0.99,1713.0,1940.0,804.0,346.0,333.0,0.0,925.0,1436.0,1647.0,910.0,26.0,67.45,4.49,,,,,,,,,25,55,15,10,116,69,57,65
Danijel Milicevic,148,2015-08-06,8,10,4,4781.0,5400.0,0.89,2130.0,1458.0,470.0,351.0,207.0,0.0,1524.0,1742.0,819.0,88.0,0.0,57.44,7.2,,,,,,,,,25,55,15,10,116,71,50,71
Renato Neto,149,2015-08-06,8,11,3,4802.0,5400.0,0.89,2433.0,1456.0,398.0,122.0,101.0,9.0,1593.0,1590.0,1472.0,421.0,0.0,61.1,6.69,,,,,,,,,25,55,15,10,116,70,80,64
Lasse Nielsen,150,2015-08-06,8,12,3,5402.0,5400.0,1.0,2103.0,1792.0,770.0,294.0,227.0,4.0,945.0,1321.0,1406.0,1122.0,0.0,57.75,8.03,,,,,,,,,25,55,15,10,116,68,74,66
Mustapha Oussalah,151,2015-08-06,8,13,2,4935.0,5400.0,0.91,2030.0,1521.0,546.0,365.0,273.0,12.0,1636.0,1503.0,718.0,17.0,0.0,62.95,,,,,,,,,,25,55,15,10,116,66,65,65
Nicklas Pedersen,152,2015-08-06,8,14,4,4824.0,5400.0,0.89,2478.0,1181.0,325.0,256.0,315.0,16.0,620.0,1450.0,1989.0,1088.0,0.0,59.21,,,,,,,,,,25,55,15,10,116,69,60,59
Marko Poletanovic,153,2015-08-06,8,15,3,4409.0,5400.0,0.82,2351.0,1240.0,360.0,124.0,113.0,1.0,2458.0,1491.0,616.0,0.0,0.0,58.58,,,,,,,,,,25,55,15,10,116,66,66,63
Rafael Rafinha,154,2015-08-06,8,16,3,5400.0,5400.0,1.0,1820.0,1603.0,959.0,433.0,367.0,12.0,984.0,1051.0,1813.0,815.0,0.0,57.53,,,,,,,,,,25,55,15,10,116,65,70,72
Benito Raman,155,2015-08-06,8,17,3,5233.0,5400.0,0.97,2094.0,1531.0,644.0,477.0,272.0,13.0,1639.0,1741.0,1441.0,177.0,0.0,63.14,,,,,,,,,,25,55,15,10,116,68,43,92
Kenneth Saief,156,2015-08-06,8,18,3,4657.0,5400.0,0.86,2345.0,1334.0,344.0,255.0,162.0,1.0,2219.0,1323.0,843.0,195.0,0.0,58.58,5.97,,,,,,,,,25,55,15,10,116,66,61,67
Moses Simon,157,2015-08-06,8,19,3,4830.0,5400.0,0.89,1851.0,1491.0,534.0,313.0,439.0,7.0,1384.0,2118.0,1143.0,114.0,0.0,59.67,,,,,,,,,,25,55,15,10,116,71,60,89
Yaya Soumahoro,158,2015-08-06,8,20,3,5455.0,5400.0,1.01,2013.0,1765.0,668.0,307.0,486.0,5.0,1081.0,1581.0,1802.0,640.0,0.0,61.05,,,,,,,,,,25,55,15,10,116,68,52,87
Serge Tabekou,159,2015-08-06,8,21,2,5612.0,5400.0,1.04,2165.0,1734.0,588.0,394.0,499.0,10.0,1022.0,1231.0,1548.0,842.0,0.0,58.37,,,,,,,,,,25,55,15,10,116,61,71,84
Hannes Van Der Bruggen,160,2015-08-06,8,22,2,4964.0,5400.0,0.92,2163.0,1773.0,545.0,147.0,99.0,5.0,1928.0,1431.0,996.0,105.0,0.0,61.96,6.1,,,,,,,,,25,55,15,10,116,68,66,62
Uros Vitas,161,2015-08-06,8,23,4,4809.0,5400.0,0.89,1878.0,1590.0,554.0,374.0,191.0,29.0,1110.0,1371.0,1173.0,1423.0,9.0,57.63,,,,,,,,,,25,55,15,10,116,63,69,49
Nana Asare,162,2015-08-10,9,1,3,3949.0,5111.0,0.77,98.0,3844.0,0.0,0.0,0.0,0.0,731.0,1948.0,1324.0,1049.0,38.0,61.03,4.24,,,,,,,,,28,45,4,10,113,71,71,78
Brecht Dejaegere,163,2015-08-10,9,3,2,4186.0,5111.0,0.82,168.0,3917.0,89.0,0.0,0.0,0.0,68.0,1314.0,131.0,0.0,0.0,62.23,6.99,,,,,,,,,28,45,4,10,113,71,73,75
Laurent Depoitre,164,2015-08-10,9,4,4,3718.0,5111.0,0.73,284.0,3309.0,114.0,0.0,0.0,0.0,123.0,1447.0,0.0,0.0,0.0,63.65,,,,,,,,,,28,45,4,10,113,70,85,71
Thomas Foket,165,2015-08-10,9,5,2,4134.0,5111.0,0.81,152.0,3558.0,415.0,0.0,0.0,0.0,118.0,836.0,1283.0,1234.0,1635.0,68.49,5.91,,,,,,,,,28,45,4,10,113,69,66,78
Erik Johansson,166,2015-08-10,9,8,3,4233.0,5111.0,0.83,534.0,3648.0,43.0,0.0,0.0,0.0,75.0,1595.0,0.0,0.0,0.0,62.46,,,,,,,,,,28,45,4,10,113,70,72,58
Sven Kums,167,2015-08-10,9,9,2,4407.0,5111.0,0.86,100.0,4239.0,65.0,0.0,0.0,0.0,0.0,0.0,0.0,0.0,0.0,62.23,,,,,,,,,,28,45,4,10,113,71,64,68
Danijel Milicevic,168,2015-08-10,9,10,4,3600.0,5111.0,0.7,196.0,3393.0,3.0,0.0,0.0,0.0,166.0,877.0,1163.0,0.0,0.0,57.44,7.2,,,,,,,,,28,45,4,10,113,71,50,71
Renato Neto,169,2015-08-10,9,11,2,3137.0,5111.0,0.61,1126.0,1923.0,18.0,0.0,2.0,0.0,1330.0,1502.0,968.0,1082.0,180.0,61.1,6.69,,,,,,,,,28,45,4,10,113,70,80,64
Lasse Nielsen,170,2015-08-10,9,12,2,4709.0,5111.0,0.92,2032.0,1503.0,653.0,209.0,87.0,5.0,5.0,2.0,16.0,0.0,0.0,57.75,8.03,,,,,,,,,28,45,4,10,113,68,74,66
Nana Asare,171,2015-08-12,10,1,8,5543.0,3060.0,1.81,1212.0,2537.0,209.0,1429.0,118.0,0.0,698.0,772.0,138.0,360.0,405.0,61.03,4.24,,,,,,,,,23,67,15,10,119,71,71,78
Laurent Depoitre,172,2015-08-12,10,4,8,7231.0,3060.0,2.36,676.0,3878.0,265.0,2107.0,294.0,0.0,781.0,718.0,551.0,525.0,427.0,63.65,,,,,,,,,,23,67,15,10,119,70,85,71
Thomas Foket,173,2015-08-12,10,5,7,7649.0,3060.0,2.5,619.0,4196.0,346.0,1275.0,1187.0,1.0,1026.0,429.0,557.0,711.0,133.0,68.49,5.91,,,,,,,,,23,67,15,10,119,69,66,78
Haris Hajradinovic,174,2015-08-12,10,7,9,7287.0,3060.0,2.38,900.0,3649.0,630.0,1196.0,891.0,0.0,435.0,813.0,361.0,587.0,820.0,58.01,,,,,,,,,,23,67,15,10,119,63,54,73
Hatem Elhamed,175,2015-08-12,10,6,10,6076.0,3060.0,1.99,1938.0,2295.0,1416.0,391.0,22.0,0.0,572.0,861.0,605.0,812.0,0.0,65.0,,,,,,,,,,23,67,15,10,119,67,68,62
Danijel Milicevic,176,2015-08-12,10,10,9,7256.0,3060.0,2.37,529.0,4097.0,447.0,2150.0,21.0,0.0,896.0,238.0,418.0,564.0,419.0,57.44,7.2,,,,,,,,,23,67,15,10,119,71,50,71
Renato Neto,177,2015-08-12,10,11,9,7246.0,3060.0,2.37,926.0,3502.0,237.0,1886.0,680.0,3.0,505.0,944.0,402.0,549.0,566.0,61.1,6.69,,,,,,,,,23,67,15,10,119,70,80,64
Lasse Nielsen,178,2015-08-12,10,12,7,7381.0,3060.0,2.41,754.0,3822.0,476.0,2111.0,194.0,1.0,407.0,630.0,586.0,644.0,663.0,57.75,8.03,,,,,,,,,23,67,15,10,119,68,74,66
Mustapha Oussalah,179,2015-08-12,10,13,7,4507.0,3060.0,1.47,1208.0,839.0,875.0,1360.0,209.0,1.0,103.0,278.0,642.0,654.0,17.0,62.95,,,,,,,,,,23,67,15,10,119,66,65,65
Marko Poletanovic,180,2015-08-12,10,15,5,6832.0,3060.0,2.23,1991.0,2008.0,207.0,1890.0,720.0,0.0,762.0,456.0,347.0,621.0,704.0,58.58,,,,,,,,,,23,67,15,10,119,66,66,63
Rafael Rafinha,181,2015-08-12,10,16,8,7255.0,3060.0,2.37,787.0,3635.0,324.0,1873.0,611.0,0.0,292.0,829.0,303.0,528.0,791.0,57.53,,,,,,,,,,23,67,15,10,119,65,70,72
Kenneth Saief,182,2015-08-12,10,18,9,7258.0,3060.0,2.37,1129.0,3297.0,314.0,1797.0,698.0,0.0,979.0,272.0,607.0,428.0,279.0,58.58,5.97,,,,,,,,,23,67,15,10,119,66,61,67
Moses Simon,183,2015-08-12,10,19,6,5494.0,3060.0,1.8,1327.0,2946.0,610.0,581.0,0.0,0.0,474.0,783.0,352.0,641.0,585.0,59.67,,,,,,,,,,23,67,15,10,119,71,60,89
Yaya Soumahoro,184,2015-08-12,10,20,9,6607.0,3060.0,2.16,686.0,3705.0,1789.0,305.0,98.0,3.0,490.0,917.0,213.0,685.0,528.0,61.05,,,,,,,,,,23,67,15,10,119,68,52,87
Serge Tabekou,185,2015-08-12,10,21,7,4287.0,3060.0,1.4,595.0,1842.0,1282.0,459.0,88.0,2.0,139.0,148.0,154.0,535.0,766.0,58.37,,,,,,,,,,23,67,15,10,119,61,71,84
Hannes Van Der Bruggen,186,2015-08-12,10,22,8,7627.0,3060.0,2.49,745.0,3870.0,182.0,1150.0,1659.0,0.0,802.0,480.0,403.0,615.0,456.0,61.96,6.1,,,,,,,,,23,67,15,10,119,68,66,62
Kalifa Coulibaly,187,2015-08-26,11,2,6,8382.0,6600.0,1.27,3602.0,2354.0,682.0,604.0,820.0,17.0,1248.0,1293.0,2068.0,1806.0,239.0,48.66,7.07,,,,,,,,,22,71,26,10,122,64,67,70
Laurent Depoitre,188,2015-08-26,11,4,7,9035.0,6600.0,1.37,4118.0,2393.0,830.0,993.0,387.0,9.0,1370.0,1867.0,1232.0,1726.0,7.0,63.65,,,,,,,,,,22,71,26,10,122,70,85,71
Haris Hajradinovic,189,2015-08-26,11,7,7,8737.0,6600.0,1.32,3512.0,2321.0,859.0,830.0,903.0,14.0,1339.0,1568.0,1416.0,1596.0,440.0,58.01,,,,,,,,,,22,71,26,10,122,63,54,73
Hatem Elhamed,190,2015-08-26,11,6,6,7868.0,6600.0,1.19,3318.0,2546.0,898.0,697.0,37.0,15.0,1257.0,1717.0,1458.0,992.0,0.0,65.0,,,,,,,,,,22,71,26,10,122,67,68,62
Erik Johansson,191,2015-08-26,11,8,6,8471.0,6600.0,1.28,3599.0,2274.0,804.0,866.0,610.0,18.0,948.0,1852.0,2178.0,1196.0,215.0,62.46,,,,,,,,,,22,71,26,10,122,70,72,58
Sven Kums,192,2015-08-26,11,9,5,8706.0,6600.0,1.32,3726.0,2380.0,838.0,699.0,734.0,21.0,1300.0,1716.0,1726.0,774.0,731.0,62.23,,,,,,,,,,22,71,26,10,122,71,64,68
Danijel Milicevic,193,2015-08-26,11,10,7,8076.0,6600.0,1.22,3651.0,1930.0,902.0,1056.0,171.0,27.0,2029.0,1715.0,508.0,966.0,96.0,57.44,7.2,,,,,,,,,22,71,26,10,122,71,50,71
Renato Neto,194,2015-08-26,11,11,6,8873.0,6600.0,1.34,4029.0,2066.0,1005.0,1122.0,323.0,19.0,1551.0,1674.0,1741.0,1378.0,187.0,61.1,6.69,,,,,,,,,22,71,26,10,122,70,80,64
Lasse Nielsen,195,2015-08-26,11,12,7,8338.0,6600.0,1.26,3780.0,2128.0,708.0,1143.0,276.0,13.0,1315.0,1415.0,1169.0,1162.0,712.0,57.75,8.03,,,,,,,,,22,71,26,10,122,68,74,66
Mustapha Oussalah,196,2015-08-26,11,13,5,8788.0,6600.0,1.33,3583.0,2284.0,1013.0,998.0,596.0,34.0,1790.0,1571.0,1409.0,1520.0,45.0,62.95,,,,,,,,,,22,71,26,10,122,66,65,65
Nicklas Pedersen,197,2015-08-26,11,14,7,7874.0,6600.0,1.19,3678.0,1705.0,1112.0,952.0,52.0,48.0,1206.0,1450.0,1375.0,1573.0,1008.0,59.21,,,,,,,,,,22,71,26,10,122,69,60,59
Marko Poletanovic,198,2015-08-26,11,15,5,8034.0,6600.0,1.22,3821.0,1787.0,858.0,962.0,199.0,51.0,1351.0,1792.0,1522.0,1209.0,392.0,58.58,,,,,,,,,,22,71,26,10,122,66,66,63
Rafael Rafinha,199,2015-08-26,11,16,7,8587.0,6600.0,1.3,4080.0,1951.0,1033.0,1015.0,225.0,50.0,1061.0,1143.0,1978.0,1500.0,351.0,57.53,,,,,,,,,,22,71,26,10,122,65,70,72
Benito Raman,200,2015-08-26,11,17,4,8526.0,6600.0,1.29,3523.0,2205.0,772.0,673.0,985.0,17.0,1944.0,1752.0,1175.0,997.0,0.0,63.14,,,,,,,,,,22,71,26,10,122,68,43,92
Kenneth Saief,201,2015-08-26,11,18,7,7676.0,6600.0,1.16,3207.0,2215.0,994.0,816.0,104.0,3.0,1745.0,1316.0,1186.0,1587.0,48.0,58.58,5.97,,,,,,,,,22,71,26,10,122,66,61,67
Moses Simon,202,2015-08-26,11,19,7,7432.0,6600.0,1.13,3144.0,1531.0,683.0,490.0,1170.0,33.0,2030.0,2044.0,1062.0,768.0,383.0,59.67,,,,,,,,,,22,71,26,10,122,71,60,89
Yaya Soumahoro,203,2015-08-26,11,20,6,7635.0,6600.0,1.16,2986.0,1961.0,867.0,555.0,870.0,30.0,1821.0,2036.0,1390.0,867.0,447.0,61.05,,,,,,,,,,22,71,26,10,122,68,52,87
Serge Tabekou,204,2015-08-26,11,21,5,7786.0,6600.0,1.18,3392.0,1749.0,882.0,762.0,678.0,43.0,1704.0,1425.0,808.0,560.0,506.0,58.37,,,,,,,,,,22,71,26,10,122,61,71,84
Hannes Van Der Bruggen,205,2015-08-26,11,22,7,8901.0,6600.0,1.35,3919.0,2353.0,820.0,778.0,696.0,44.0,1299.0,1345.0,1565.0,1393.0,667.0,61.96,6.1,,,,,,,,,22,71,26,10,122,68,66,62
Uros Vitas,206,2015-08-26,11,23,3,7979.0,6600.0,1.21,3600.0,1989.0,900.0,800.0,308.0,104.0,1014.0,1464.0,1384.0,1397.0,1039.0,57.63,,,,,,,,,,22,71,26,10,122,63,69,49
Nana Asare,207,2015-09-07,12,1,2,10300.0,5217.0,1.97,111.0,8539.0,1615.0,0.0,0.0,0.0,132.0,56.0,148.0,3436.0,0.0,61.03,4.24,,,,,,,,,14,82,13,10,353,71,71,78
Kalifa Coulibaly,208,2015-09-07,12,2,4,10132.0,5217.0,1.94,414.0,6679.0,3008.0,0.0,0.0,0.0,487.0,102.0,109.0,3309.0,41.0,48.66,7.07,,,,,,,,,14,82,13,10,353,64,67,70
Brecht Dejaegere,209,2015-09-07,12,3,3,10803.0,5217.0,2.07,203.0,7117.0,3457.0,4.0,0.0,0.0,465.0,64.0,100.0,3519.0,0.0,62.23,6.99,,,,,,,,,14,82,13,10,353,71,73,75
Laurent Depoitre,210,2015-09-07,12,4,5,10590.0,5217.0,2.03,41.0,8091.0,2452.0,0.0,0.0,0.0,16.0,63.0,1745.0,1852.0,0.0,63.65,,,,,,,,,,14,82,13,10,353,70,85,71
Thomas Foket,211,2015-09-07,12,5,4,10624.0,5217.0,2.04,104.0,7858.0,2647.0,0.0,0.0,0.0,26.0,59.0,550.0,3012.0,5.0,68.49,5.91,,,,,,,,,14,82,13,10,353,69,66,78
Haris Hajradinovic,212,2015-09-07,12,7,4,10085.0,5217.0,1.93,84.0,7400.0,2559.0,18.0,5.0,0.0,57.0,99.0,259.0,3462.0,136.0,58.01,,,,,,,,,,14,82,13,10,353,63,54,73
Hatem Elhamed,213,2015-09-07,12,6,8,9883.0,5217.0,1.89,244.0,8479.0,1117.0,4.0,0.0,0.0,348.0,70.0,409.0,3170.0,0.0,65.0,,,,,,,,,,14,82,13,10,353,67,68,62
Sven Kums,214,2015-09-07,12,9,5,1883.0,5217.0,0.36,402.0,1333.0,78.0,0.0,0.0,0.0,1126.0,1673.0,819.0,0.0,0.0,62.23,,,,,,,,,,14,82,13,10,353,71,64,68
Thomas Matton,215,2015-09-07,12,24,5,5122.0,5217.0,0.98,684.0,4375.0,0.0,0.0,0.0,1.0,142.0,157.0,794.0,2232.0,89.0,67.45,4.49,,,,,,,,,14,82,13,10,353,69,57,65
Danijel Milicevic,216,2015-09-07,12,10,6,9238.0,5217.0,1.77,209.0,8919.0,80.0,0.0,0.0,0.0,201.0,95.0,2678.0,796.0,0.0,57.44,7.2,,,,,,,,,14,82,13,10,353,71,50,71
Stefan Mitrovic,217,2015-09-07,12,25,6,5245.0,5217.0,1.01,1163.0,2247.0,1700.0,0.0,0.0,1.0,1647.0,757.0,794.0,202.0,0.0,60.45,5.46,,,,,,,,,14,82,13,10,353,73,78,67
Renato Neto,218,2015-09-07,12,11,4,10945.0,5217.0,2.1,64.0,6674.0,4185.0,8.0,0.0,0.0,228.0,105.0,111.0,3490.0,10.0,61.1,6.69,,,,,,,,,14,82,13,10,353,70,80,64
Lasse Nielsen,219,2015-09-07,12,12,3,10038.0,5217.0,1.92,456.0,8025.0,1532.0,0.0,0.0,0.0,263.0,88.0,670.0,2924.0,0.0,57.75,8.03,,,,,,,,,14,82,13,10,353,68,74,66
Nicklas Pedersen,220,2015-09-07,12,14,3,4729.0,5217.0,0.91,2976.0,1624.0,6.0,0.0,0.0,0.0,207.0,706.0,2372.0,480.0,0.0,59.21,,,,,,,,,,14,82,13,10,353,69,60,59
Rafael Rafinha,221,2015-09-07,12,16,6,9763.0,5217.0,1.87,210.0,8571.0,948.0,0.0,0.0,0.0,376.0,102.0,158.0,3417.0,0.0,57.53,,,,,,,,,,14,82,13,10,353,65,70,72
Benito Raman,222,2015-09-07,12,17,7,9553.0,5217.0,1.83,260.0,8940.0,328.0,0.0,0.0,0.0,491.0,218.0,815.0,2781.0,0.0,63.14,,,,,,,,,,14,82,13,10,353,68,43,92
Kenneth Saief,223,2015-09-07,12,18,5,10900.0,5217.0,2.09,368.0,7837.0,2677.0,0.0,0.0,0.0,258.0,240.0,304.0,3317.0,0.0,58.58,5.97,,,,,,,,,14,82,13,10,353,66,61,67
Yaya Soumahoro,224,2015-09-07,12,20,5,9654.0,5217.0,1.85,248.0,8684.0,695.0,0.0,0.0,0.0,454.0,124.0,132.0,3405.0,0.0,61.05,,,,,,,,,,14,82,13,10,353,68,52,87
Hannes Van Der Bruggen,225,2015-09-07,12,22,3,11322.0,5217.0,2.17,155.0,4390.0,6755.0,0.0,0.0,0.0,506.0,50.0,240.0,3345.0,0.0,61.96,6.1,,,,,,,,,14,82,13,10,353,68,66,62
Uros Vitas,226,2015-09-07,12,23,4,7076.0,5217.0,1.36,4014.0,2811.0,229.0,0.0,0.0,0.0,376.0,131.0,1299.0,2300.0,0.0,57.63,,,,,,,,,,14,82,13,10,353,63,69,49
Nana Asare,227,2015-09-08,13,1,3,3657.0,5700.0,0.64,1822.0,690.0,415.0,483.0,80.0,7.0,1190.0,700.0,298.0,377.0,60.0,61.03,4.24,,,,,,,,,16,74,9,9,176,71,71,78
Kalifa Coulibaly,228,2015-09-08,13,2,4,3433.0,5700.0,0.6,1494.0,838.0,368.0,518.0,77.0,12.0,1736.0,1086.0,434.0,462.0,0.0,48.66,7.07,,,,,,,,,16,74,9,9,176,64,67,70
Brecht Dejaegere,229,2015-09-08,13,3,4,4368.0,5700.0,0.77,2080.0,1040.0,475.0,562.0,31.0,10.0,1827.0,1178.0,593.0,351.0,0.0,62.23,6.99,,,,,,,,,16,74,9,9,176,71,73,75
Laurent Depoitre,230,2015-09-08,13,4,5,3721.0,5700.0,0.65,1470.0,1148.0,383.0,500.0,80.0,8.0,2845.0,1264.0,586.0,331.0,0.0,63.65,,,,,,,,,,16,74,9,9,176,70,85,71
Thomas Foket,231,2015-09-08,13,5,1,4364.0,5700.0,0.77,1953.0,1098.0,478.0,520.0,129.0,11.0,1304.0,812.0,425.0,237.0,0.0,68.49,5.91,,,,,,,,,16,74,9,9,176,69,66,78
Haris Hajradinovic,232,2015-09-08,13,7,5,4226.0,5700.0,0.74,1638.0,1168.0,437.0,718.0,136.0,10.0,1413.0,695.0,564.0,457.0,0.0,58.01,,,,,,,,,,16,74,9,9,176,63,54,73
Hatem Elhamed,233,2015-09-08,13,6,5,3503.0,5700.0,0.61,1571.0,795.0,509.0,439.0,55.0,8.0,964.0,799.0,730.0,6.0,0.0,65.0,,,,,,,,,,16,74,9,9,176,67,68,62
Danijel Milicevic,234,2015-09-08,13,10,6,3738.0,5700.0,0.66,1668.0,860.0,573.0,393.0,36.0,17.0,1909.0,806.0,337.0,447.0,80.0,57.44,7.2,,,,,,,,,16,74,9,9,176,71,50,71
Stefan Mitrovic,235,2015-09-08,13,25,3,4006.0,5700.0,0.7,1747.0,982.0,385.0,581.0,101.0,3.0,1234.0,732.0,311.0,581.0,6.0,60.45,5.46,,,,,,,,,16,74,9,9,176,73,78,67
Renato Neto,236,2015-09-08,13,11,2,3581.0,5700.0,0.63,1553.0,823.0,459.0,485.0,53.0,12.0,2129.0,665.0,325.0,339.0,0.0,61.1,6.69,,,,,,,,,16,74,9,9,176,70,80,64
Lasse Nielsen,237,2015-09-08,13,12,3,3863.0,5700.0,0.68,1526.0,1127.0,504.0,502.0,70.0,8.0,1110.0,707.0,417.0,394.0,0.0,57.75,8.03,,,,,,,,,16,74,9,9,176,68,74,66
Nicklas Pedersen,238,2015-09-08,13,14,4,3742.0,5700.0,0.66,1861.0,754.0,532.0,445.0,30.0,5.0,2209.0,860.0,544.0,399.0,172.0,59.21,,,,,,,,,,16,74,9,9,176,69,60,59
Marko Poletanovic,239,2015-09-08,13,15,4,3901.0,5700.0,0.68,2013.0,819.0,624.0,285.0,10.0,17.0,2387.0,1258.0,601.0,556.0,19.0,58.58,,,,,,,,,,16,74,9,9,176,66,66,63
Rafael Rafinha,240,2015-09-08,13,16,4,3405.0,5700.0,0.6,1456.0,793.0,465.0,465.0,34.0,4.0,1861.0,736.0,459.0,522.0,80.0,57.53,,,,,,,,,,16,74,9,9,176,65,70,72
Benito Raman,241,2015-09-08,13,17,1,3833.0,5700.0,0.67,1686.0,993.0,413.0,504.0,63.0,11.0,1468.0,837.0,519.0,124.0,0.0,63.14,,,,,,,,,,16,74,9,9,176,68,43,92
Kenneth Saief,242,2015-09-08,13,18,4,3538.0,5700.0,0.62,1540.0,961.0,598.0,272.0,20.0,5.0,1110.0,498.0,389.0,270.0,0.0,58.58,5.97,,,,,,,,,16,74,9,9,176,66,61,67
Yaya Soumahoro,243,2015-09-08,13,20,3,4261.0,5700.0,0.75,1772.0,1060.0,499.0,660.0,117.0,14.0,1143.0,819.0,490.0,444.0,0.0,61.05,,,,,,,,,,16,74,9,9,176,68,52,87
Hannes Van Der Bruggen,244,2015-09-08,13,22,3,3592.0,5700.0,0.63,1342.0,1076.0,511.0,500.0,55.0,6.0,616.0,744.0,481.0,136.0,0.0,61.96,6.1,,,,,,,,,16,74,9,9,176,68,66,62
Lucas Schoofs,245,2016-11-09,14,27,6,6896.0,6956.0,0.99,2312.0,2221.0,1059.0,428.0,115.0,22.0,1006.0,1457.0,1679.0,1073.0,894.0,69.85,4.56,6.0,47.0,183.0,459.0,319.0,196.0,63.0,14.0,5,93,13,9,296,63,61,59
Ofir Davidzada,246,2016-11-09,14,29,5,7103.0,6956.0,1.02,2377.0,2197.0,1142.0,463.0,164.0,26.0,1588.0,1219.0,936.0,776.0,0.0,60.15,5.8,11.0,44.0,201.0,392.0,295.0,182.0,76.0,18.0,5,93,13,9,296,68,60,73
Emir Kujovic,247,2016-11-09,14,30,6,6004.0,6956.0,0.86,2323.0,1952.0,740.0,101.0,23.0,13.0,1760.0,2009.0,1892.0,513.0,32.0,57.57,4.83,2.0,25.0,151.0,498.0,334.0,140.0,56.0,8.0,5,93,13,9,296,73,75,55
Kenneth Saief,248,2016-11-09,14,18,6,6925.0,6956.0,1.0,2565.0,2394.0,887.0,256.0,79.0,18.0,1863.0,1473.0,1330.0,497.0,348.0,64.96,5.97,2.0,25.0,177.0,476.0,327.0,167.0,56.0,11.0,5,93,13,9,296,73,70,77
Rob Schoofs,249,2016-11-09,14,31,6,6626.0,6956.0,0.95,2331.0,2400.0,877.0,301.0,59.0,15.0,1612.0,1643.0,554.0,524.0,0.0,63.9,7.53,3.0,37.0,190.0,474.0,338.0,185.0,58.0,10.0,5,93,13,9,296,71,64,66
Hannes Van Der Bruggen,250,2016-11-09,14,22,6,6626.0,6956.0,0.95,2377.0,2215.0,889.0,338.0,82.0,14.0,1684.0,1902.0,1112.0,421.0,453.0,64.63,6.1,7.0,54.0,190.0,521.0,384.0,183.0,73.0,10.0,5,93,13,9,296,70,67,57
Brecht Dejaegere,251,2016-11-09,14,43,6,6696.0,6956.0,0.96,2368.0,2235.0,935.0,289.0,48.0,22.0,1796.0,2029.0,866.0,670.0,2.0,64.56,6.99,7.0,48.0,193.0,404.0,307.0,198.0,65.0,13.0,5,93,13,9,296,75,75,77
Jeremy Perbet,252,2016-11-09,14,32,4,6186.0,6956.0,0.89,2140.0,2165.0,846.0,292.0,50.0,6.0,1563.0,951.0,262.0,529.0,153.0,60.29,4.64,5.0,34.0,167.0,390.0,269.0,202.0,46.0,2.0,5,93,13,9,296,74,65,55
Siebe Horemans,253,2016-11-09,14,33,6,6815.0,6956.0,0.98,2564.0,2032.0,915.0,385.0,98.0,32.0,849.0,1999.0,2070.0,1222.0,165.0,63.54,8.57,8.0,48.0,169.0,520.0,328.0,169.0,75.0,22.0,5,93,13,9,296,62,60,66
Ibrahim Rabiu,254,2016-11-09,14,34,7,6279.0,6956.0,0.9,2242.0,2064.0,829.0,318.0,79.0,29.0,1980.0,1278.0,850.0,303.0,645.0,70.18,4.91,9.0,53.0,180.0,425.0,288.0,182.0,71.0,18.0,5,93,13,9,296,68,57,79
Anderson Esiti,255,2016-11-09,14,35,7,6086.0,6656.0,0.91,2231.0,1804.0,796.0,337.0,77.0,34.0,1505.0,1851.0,1389.0,936.0,214.0,59.1,9.23,3.0,40.0,169.0,432.0,299.0,138.0,70.0,25.0,5,93,13,9,296,74,88,51
Dieumerci Ndongala,256,2016-11-09,14,37,6,5998.0,6956.0,0.86,2263.0,2094.0,617.0,158.0,40.0,15.0,1782.0,2255.0,1812.0,410.0,0.0,58.66,5.56,3.0,33.0,163.0,407.0,320.0,142.0,49.0,12.0,5,93,13,9,296,72,55,86
Lucas Schoofs,257,2016-11-10,15,27,7,7007.0,4500.0,1.56,2424.0,1764.0,1118.0,680.0,452.0,24.0,153.0,984.0,1242.0,1050.0,1791.0,69.85,4.56,27.0,70.0,256.0,411.0,352.0,257.0,88.0,18.0,8,87,13,10,119,63,61,59
Ofir Davidzada,258,2016-11-10,15,29,7,7034.0,4500.0,1.56,2623.0,1405.0,1471.0,691.0,326.0,26.0,1114.0,874.0,994.0,1895.0,22.0,60.15,5.8,19.0,90.0,251.0,375.0,317.0,259.0,80.0,15.0,8,87,13,10,119,68,60,73
Kalifa Coulibaly,259,2016-11-10,15,42,7,5616.0,4500.0,1.25,2730.0,1073.0,633.0,216.0,207.0,15.0,668.0,1210.0,1596.0,1079.0,141.0,50.17,7.07,5.0,37.0,200.0,380.0,278.0,202.0,58.0,10.0,8,87,13,10,119,73,72,74
Thomas Matton,260,2016-11-10,15,51,8,5909.0,4500.0,1.31,2169.0,1377.0,926.0,639.0,315.0,28.0,557.0,680.0,848.0,1208.0,1289.0,68.84,4.49,21.0,65.0,218.0,362.0,318.0,193.0,82.0,20.0,8,87,13,10,119,72,60,63
Renato Neto,261,2016-11-10,15,46,6,5679.0,4500.0,1.26,2535.0,1006.0,784.0,408.0,329.0,26.0,744.0,1330.0,1313.0,1332.0,145.0,62.71,6.69,8.0,76.0,213.0,398.0,366.0,196.0,64.0,19.0,8,87,13,10,119,75,84,61
Emir Kujovic,262,2016-11-10,15,30,5,5205.0,4500.0,1.16,2642.0,1109.0,644.0,144.0,34.0,6.0,468.0,1295.0,1965.0,985.0,204.0,57.57,4.83,2.0,45.0,175.0,396.0,337.0,194.0,40.0,5.0,8,87,13,10,119,73,75,55
Kenneth Saief,263,2016-11-10,15,48,5,6866.0,4500.0,1.53,2582.0,1604.0,1419.0,581.0,240.0,14.0,1097.0,893.0,1220.0,1395.0,250.0,64.96,5.97,11.0,62.0,248.0,423.0,368.0,261.0,61.0,9.0,8,87,13,10,119,73,70,77
Rob Schoofs,264,2016-11-10,15,31,6,6577.0,4500.0,1.46,2875.0,1328.0,1072.0,482.0,214.0,14.0,1146.0,1072.0,1097.0,1287.0,0.0,63.9,7.53,9.0,63.0,230.0,439.0,392.0,219.0,81.0,9.0,8,87,13,10,119,71,64,66
Hannes Van Der Bruggen,265,2016-11-10,15,50,6,6714.0,4500.0,1.49,2538.0,1550.0,1297.0,575.0,179.0,17.0,654.0,1339.0,915.0,1150.0,1064.0,64.63,6.1,16.0,92.0,260.0,411.0,404.0,283.0,79.0,10.0,8,87,13,10,119,70,67,57
Brecht Dejaegere,266,2016-11-10,15,43,7,6864.0,4500.0,1.53,2849.0,1379.0,1148.0,608.0,266.0,20.0,490.0,1389.0,1557.0,1565.0,189.0,64.56,6.99,17.0,85.0,277.0,431.0,437.0,258.0,90.0,12.0,8,87,13,10,119,75,75,77
Siebe Horemans,267,2016-11-10,15,33,5,6858.0,4500.0,1.52,3026.0,1503.0,1124.0,429.0,226.0,19.0,269.0,1184.0,1770.0,1736.0,96.0,63.54,8.57,14.0,82.0,247.0,437.0,404.0,269.0,77.0,14.0,8,87,13,10,119,62,60,66
Ibrahim Rabiu,268,2016-11-10,15,34,7,5913.0,4500.0,1.31,2126.0,1592.0,1093.0,364.0,233.0,33.0,808.0,821.0,1104.0,1341.0,559.0,70.18,4.91,23.0,73.0,245.0,269.0,272.0,205.0,91.0,21.0,8,87,13,10,119,68,57,79
Dieumerci Ndongala,269,2016-11-10,15,37,6,5458.0,4500.0,1.21,2380.0,1162.0,789.0,314.0,153.0,17.0,836.0,1453.0,1430.0,1191.0,76.0,58.66,5.56,7.0,56.0,221.0,352.0,316.0,206.0,59.0,12.0,8,87,13,10,119,72,55,86
Lucas Schoofs,270,2016-11-11,16,27,6,3579.0,8241.0,0.43,3579.0,3476.0,2655.0,1124.0,917.0,34.0,537.0,996.0,1738.0,2547.0,1405.0,69.85,4.56,32.0,100.0,370.0,603.0,528.0,389.0,115.0,20.0,6,73,14,10,113,63,61,59
Ofir Davidzada,271,2016-11-11,16,29,8,4007.0,8241.0,0.49,4007.0,3058.0,3001.0,1431.0,836.0,29.0,766.0,1036.0,2075.0,3056.0,251.0,60.15,5.8,22.0,119.0,332.0,516.0,484.0,344.0,110.0,17.0,6,73,14,10,113,68,60,73
Kalifa Coulibaly,272,2016-11-11,16,42,8,4283.0,8241.0,0.52,4283.0,2241.0,1480.0,759.0,847.0,38.0,942.0,1632.0,1508.0,1402.0,277.0,50.17,7.07,18.0,58.0,239.0,474.0,425.0,240.0,78.0,26.0,6,73,14,10,113,73,72,74
Kenny Saief,273,2016-11-11,16,48,7,3582.0,8241.0,0.43,3582.0,3230.0,2538.0,1589.0,1451.0,30.0,1066.0,1129.0,964.0,1742.0,2130.0,64.96,5.97,24.0,86.0,359.0,585.0,576.0,364.0,96.0,19.0,6,73,14,10,113,73,70,77
Rob Schoofs,274,2016-11-11,16,31,9,3449.0,8241.0,0.42,3449.0,3437.0,3286.0,1342.0,695.0,15.0,835.0,1298.0,841.0,2410.0,1071.0,63.9,7.53,16.0,114.0,348.0,540.0,511.0,378.0,82.0,9.0,6,73,14,10,113,71,64,66
Hannes Van Der Bruggen,275,2016-11-11,16,50,10,3326.0,8241.0,0.4,3326.0,3716.0,3435.0,1591.0,567.0,19.0,504.0,1170.0,1278.0,2185.0,2109.0,64.63,6.1,23.0,128.0,430.0,569.0,601.0,445.0,118.0,9.0,6,73,14,10,113,70,67,57
Brecht Dejaegere,276,2016-11-11,16,43,9,3383.0,8241.0,0.41,3383.0,3447.0,3485.0,1593.0,631.0,19.0,710.0,1653.0,1443.0,3204.0,456.0,64.56,6.99,30.0,121.0,405.0,609.0,622.0,430.0,102.0,11.0,6,73,14,10,113,75,75,77
Siebe Horemans,277,2016-11-11,16,33,6,3758.0,8241.0,0.46,3758.0,2710.0,2261.0,898.0,856.0,35.0,121.0,1014.0,2482.0,2929.0,450.0,63.54,8.57,25.0,98.0,322.0,569.0,529.0,337.0,102.0,23.0,6,73,14,10,113,62,60,66
Ibrahim Rabiu,278,2016-11-11,16,34,9,3155.0,8241.0,0.38,3155.0,3073.0,2733.0,1534.0,982.0,39.0,599.0,1123.0,960.0,2058.0,2185.0,70.18,4.91,37.0,124.0,371.0,514.0,468.0,415.0,122.0,30.0,6,73,14,10,113,68,57,79
Thomas Matton,279,2016-11-11,16,51,10,3534.0,8241.0,0.43,3534.0,3616.0,2835.0,1452.0,1080.0,35.0,502.0,1194.0,1205.0,2029.0,2350.0,68.84,4.49,25.0,129.0,379.0,570.0,519.0,399.0,125.0,21.0,6,73,14,10,113,72,60,63
Renato Neto,280,2016-11-11,16,46,8,3860.0,8241.0,0.47,3860.0,2663.0,2379.0,1473.0,827.0,30.0,918.0,1371.0,1066.0,3343.0,188.0,62.71,6.69,34.0,94.0,348.0,585.0,556.0,354.0,109.0,20.0,6,73,14,10,113,75,84,61
Jeremy Taravel,281,2016-11-16,17,26,5,4691.0,5607.0,0.84,1942.0,1244.0,633.0,200.0,43.0,7.0,615.0,1355.0,1858.0,1495.0,0.0,57.13,7.56,4.0,22.0,150.0,278.0,213.0,143.0,43.0,3.0,14,89,16,7,266,73,74,68
Lucas Schoofs,282,2016-11-16,17,27,5,4920.0,5607.0,0.88,1937.0,1487.0,757.0,250.0,47.0,12.0,851.0,885.0,1140.0,687.0,43.0,69.85,4.56,3.0,35.0,157.0,268.0,178.0,161.0,42.0,9.0,14,89,16,7,266,63,61,59
Ofir Davidzada,283,2016-11-16,17,29,5,4820.0,5607.0,0.86,1965.0,1112.0,739.0,269.0,53.0,15.0,1283.0,1033.0,1469.0,204.0,0.0,60.15,5.8,2.0,21.0,156.0,279.0,193.0,142.0,52.0,9.0,14,89,16,7,266,68,60,73
Kalifa Coulibaly,284,2016-11-16,17,42,4,4916.0,5607.0,0.88,2199.0,1273.0,580.0,194.0,57.0,14.0,1016.0,878.0,2112.0,943.0,0.0,50.17,7.07,6.0,25.0,103.0,260.0,183.0,114.0,48.0,7.0,14,89,16,7,266,73,72,74
Thomas Matton,285,2016-11-16,17,51,3,5650.0,5607.0,1.01,2146.0,1610.0,929.0,301.0,120.0,16.0,823.0,1053.0,1786.0,1407.0,87.0,68.84,4.49,7.0,39.0,173.0,281.0,220.0,154.0,55.0,14.0,14,89,16,7,266,72,60,63
Renato Neto,286,2016-11-16,17,46,5,4577.0,5607.0,0.82,1957.0,1156.0,720.0,230.0,20.0,23.0,1162.0,1498.0,1844.0,60.0,0.0,62.71,6.69,4.0,30.0,140.0,258.0,181.0,127.0,42.0,17.0,14,89,16,7,266,75,84,61
Kenneth Saief,287,2016-11-16,17,48,5,4907.0,5607.0,0.88,2085.0,1495.0,511.0,217.0,26.0,13.0,974.0,1415.0,1806.0,430.0,0.0,64.96,5.97,4.0,21.0,149.0,282.0,205.0,118.0,42.0,10.0,14,89,16,7,266,73,70,77
Rob Schoofs,288,2016-11-16,17,31,4,5471.0,5607.0,0.98,2517.0,1467.0,593.0,309.0,51.0,16.0,1129.0,1342.0,1449.0,886.0,0.0,63.9,7.53,6.0,31.0,148.0,283.0,193.0,125.0,53.0,9.0,14,89,16,7,266,71,64,66
Hannes Van Der Bruggen,289,2016-11-16,17,50,4,5573.0,5607.0,0.99,2331.0,1394.0,920.0,292.0,32.0,17.0,1282.0,1965.0,1152.0,359.0,0.0,64.63,6.1,7.0,39.0,156.0,287.0,229.0,139.0,67.0,8.0,14,89,16,7,266,70,67,57
Brecht Dejaegere,290,2016-11-16,17,43,3,5334.0,5607.0,0.95,2041.0,1582.0,766.0,319.0,34.0,18.0,1195.0,1760.0,1407.0,319.0,3.0,64.56,6.99,10.0,22.0,164.0,264.0,185.0,139.0,62.0,15.0,14,89,16,7,266,75,75,77
Jeremy Perbet,291,2016-11-16,17,32,5,4648.0,5607.0,0.83,2292.0,1095.0,518.0,219.0,56.0,12.0,1114.0,1704.0,740.0,28.0,0.0,60.29,4.64,4.0,24.0,123.0,224.0,160.0,114.0,44.0,8.0,14,89,16,7,266,74,65,55
Siebe Horemans,292,2016-11-16,17,33,5,4907.0,5607.0,0.88,2080.0,1197.0,790.0,199.0,62.0,11.0,1241.0,1276.0,1862.0,771.0,0.0,63.54,8.57,8.0,20.0,128.0,257.0,194.0,140.0,42.0,5.0,14,89,16,7,266,62,60,66
Thomas Foket,293,2016-11-16,17,44,3,5609.0,5607.0,1.0,2130.0,1500.0,994.0,286.0,98.0,17.0,1059.0,1415.0,1648.0,857.0,0.0,68.84,5.91,7.0,29.0,190.0,314.0,256.0,160.0,61.0,12.0,14,89,16,7,266,73,71,80
Ibrahim Rabiu,294,2016-11-16,17,34,6,4491.0,5607.0,0.8,1826.0,1286.0,574.0,248.0,48.0,21.0,1407.0,1215.0,1598.0,298.0,0.0,70.18,4.91,9.0,37.0,131.0,256.0,160.0,137.0,53.0,15.0,14,89,16,7,266,68,57,79
Anderson Esiti,295,2016-11-16,17,35,4,4582.0,5607.0,0.82,2051.0,915.0,679.0,295.0,58.0,17.0,1350.0,1136.0,1393.0,942.0,30.0,59.1,9.23,4.0,28.0,141.0,235.0,154.0,133.0,46.0,13.0,14,89,16,7,266,74,88,51
Rami Gershon,296,2016-11-16,17,36,3,4745.0,5607.0,0.85,2133.0,1129.0,467.0,152.0,19.0,11.0,1414.0,1234.0,1066.0,64.0,0.0,60.0,5.89,2.0,13.0,116.0,294.0,223.0,125.0,30.0,7.0,14,89,16,7,266,74,76,65
Danijel Milicevic,297,2016-11-16,17,45,4,4763.0,5607.0,0.85,2272.0,1288.0,491.0,125.0,0.0,8.0,1749.0,1419.0,630.0,16.0,0.0,56.1,7.2,7.0,12.0,125.0,258.0,197.0,122.0,34.0,5.0,14,89,16,7,266,76,53,75
Dieumerci Ndongala,298,2016-11-16,17,37,4,4642.0,5607.0,0.83,1884.0,1470.0,596.0,156.0,14.0,16.0,1087.0,1240.0,1793.0,806.0,79.0,58.66,5.56,8.0,24.0,123.0,280.0,181.0,142.0,48.0,9.0,14,89,16,7,266,72,55,86
Kalifa Coulibaly,301,2016-11-22,18,42,4,4493.0,5746.0,0.78,2118.0,710.0,486.0,211.0,152.0,9.0,842.0,1155.0,1468.0,1038.0,236.0,50.17,7.07,1.0,27.0,110.0,197.0,175.0,118.0,28.0,7.0,11,81,26,10,116,73,72,74
Thomas Matton,302,2016-11-22,18,51,3,5000.0,5746.0,0.87,2416.0,1182.0,493.0,253.0,76.0,12.0,1776.0,1592.0,889.0,683.0,37.0,68.84,4.49,4.0,21.0,137.0,254.0,207.0,140.0,26.0,8.0,11,81,26,10,116,72,60,63
Renato Neto,303,2016-11-22,18,46,2,5176.0,5746.0,0.9,2501.0,967.0,563.0,387.0,154.0,12.0,889.0,1628.0,1345.0,694.0,26.0,62.71,6.69,11.0,34.0,159.0,255.0,260.0,130.0,41.0,7.0,11,81,26,10,116,75,84,61
Stefan Mitrovic,304,2016-11-22,18,52,3,5520.0,5746.0,0.96,2432.0,1072.0,698.0,397.0,214.0,10.0,1324.0,1113.0,922.0,824.0,251.0,64.43,5.46,6.0,41.0,166.0,312.0,264.0,176.0,40.0,8.0,11,81,26,10,116,73,78,49
Kenneth Saief,305,2016-11-22,18,48,4,6005.0,5746.0,1.05,2590.0,1311.0,860.0,379.0,176.0,9.0,807.0,1393.0,1724.0,930.0,433.0,64.96,5.97,2.0,26.0,173.0,269.0,244.0,180.0,30.0,5.0,11,81,26,10,116,73,70,77
Rob Schoofs,306,2016-11-22,18,31,5,5658.0,5746.0,0.98,2586.0,1367.0,669.0,243.0,155.0,9.0,1421.0,1367.0,1257.0,493.0,20.0,63.9,7.53,5.0,28.0,139.0,274.0,238.0,157.0,29.0,7.0,11,81,26,10,116,71,64,66
Hannes Van Der Bruggen,307,2016-11-22,18,50,4,6007.0,5746.0,1.05,2620.0,1336.0,896.0,408.0,65.0,11.0,1369.0,1329.0,1055.0,896.0,159.0,64.63,6.1,4.0,44.0,181.0,262.0,240.0,186.0,55.0,3.0,11,81,26,10,116,70,67,57
Brecht Dejaegere,308,2016-11-22,18,43,2,5337.0,5746.0,0.93,2168.0,1230.0,843.0,383.0,113.0,8.0,1171.0,1007.0,1267.0,712.0,16.0,64.56,6.99,4.0,45.0,152.0,222.0,233.0,155.0,32.0,5.0,11,81,26,10,116,75,75,77
Nana Asare,309,2016-11-22,18,41,3,4556.0,5746.0,0.79,1801.0,966.0,720.0,270.0,153.0,7.0,1080.0,900.0,615.0,1261.0,351.0,58.46,4.24,4.0,30.0,139.0,227.0,225.0,138.0,33.0,6.0,11,81,26,10,116,75,71,79
Lasse Nielsen,310,2016-11-22,18,47,2,4479.0,5746.0,0.78,1830.0,892.0,435.0,169.0,84.0,6.0,1128.0,1450.0,1168.0,792.0,94.0,54.56,8.03,3.0,28.0,148.0,263.0,244.0,134.0,35.0,5.0,11,81,26,10,116,73,75,65
Jeremy Perbet,311,2016-11-22,18,32,3,4557.0,5746.0,0.79,2022.0,1071.0,628.0,162.0,61.0,1.0,1064.0,938.0,803.0,370.0,77.0,60.29,4.64,2.0,16.0,120.0,244.0,216.0,121.0,20.0,0.0,11,81,26,10,116,74,65,55
Moses Simon,312,2016-11-22,18,49,3,4951.0,5746.0,0.86,2096.0,1006.0,616.0,360.0,172.0,17.0,1301.0,1611.0,890.0,538.0,51.0,62.73,,6.0,32.0,136.0,238.0,207.0,146.0,32.0,14.0,11,81,26,10,116,74,62,91
Thomas Foket,313,2016-11-22,18,44,2,6351.0,5746.0,1.11,2368.0,1604.0,1006.0,433.0,238.0,9.0,1106.0,1315.0,1171.0,1285.0,208.0,68.84,5.91,4.0,34.0,183.0,299.0,259.0,193.0,33.0,6.0,11,81,26,10,116,73,71,80
Anderson Esiti,314,2016-11-22,18,35,3,5417.0,5746.0,0.94,2518.0,1001.0,719.0,288.0,177.0,7.0,1516.0,911.0,864.0,1496.0,530.0,59.1,9.23,6.0,31.0,123.0,242.0,189.0,149.0,44.0,3.0,11,81,26,10,116,74,88,51
Rami Gershon,315,2016-11-22,18,36,3,5267.0,5746.0,0.92,2656.0,835.0,488.0,240.0,209.0,11.0,924.0,1084.0,1220.0,859.0,195.0,60.0,5.89,4.0,27.0,142.0,320.0,267.0,137.0,28.0,9.0,11,81,26,10,116,74,76,65
Danijel Milicevic,316,2016-11-22,18,45,3,5212.0,5746.0,0.91,2551.0,904.0,605.0,245.0,123.0,9.0,1611.0,1536.0,1010.0,333.0,223.0,56.1,7.2,9.0,27.0,167.0,321.0,282.0,161.0,43.0,3.0,11,81,26,10,116,76,53,75
Dieumerci Ndongala,317,2016-11-22,18,37,5,4839.0,5746.0,0.84,1955.0,1095.0,632.0,300.0,149.0,9.0,1312.0,1229.0,1163.0,1004.0,492.0,58.66,5.56,11.0,22.0,133.0,226.0,203.0,142.0,30.0,7.0,11,81,26,10,116,72,55,86
Jeremy Taravel,318,2016-11-23,19,26,2,4087.0,5457.0,0.75,1796.0,1130.0,277.0,207.0,71.0,6.0,973.0,1663.0,1807.0,678.0,0.0,57.13,7.56,2.0,18.0,92.0,220.0,174.0,83.0,30.0,3.0,11,88,10,10,176,72,71,65
Lucas Schoofs,319,2016-11-23,19,27,3,5201.0,5457.0,0.95,2188.0,1479.0,456.0,284.0,161.0,14.0,1284.0,1170.0,1236.0,717.0,85.0,69.85,4.56,10.0,30.0,126.0,266.0,208.0,117.0,42.0,8.0,11,88,10,10,176,63,61,59
Ofir Davidzada,320,2016-11-23,19,29,3,4750.0,5457.0,0.87,2289.0,1051.0,386.0,249.0,164.0,16.0,1295.0,1534.0,687.0,113.0,4.0,60.15,5.8,7.0,33.0,85.0,255.0,188.0,94.0,39.0,11.0,11,88,10,10,176,68,60,73
Kalifa Coulibaly,321,2016-11-23,19,42,2,3986.0,5457.0,0.73,1882.0,929.0,254.0,176.0,102.0,11.0,1078.0,972.0,1624.0,765.0,0.0,50.17,7.07,5.0,23.0,78.0,148.0,125.0,85.0,22.0,7.0,11,88,10,10,176,73,72,74
Thomas Matton,322,2016-11-23,19,51,3,5277.0,5457.0,0.97,2392.0,1506.0,433.0,273.0,131.0,9.0,1297.0,1145.0,1298.0,583.0,46.0,68.84,4.49,6.0,30.0,112.0,273.0,217.0,107.0,37.0,7.0,11,88,10,10,176,72,60,63
Renato Neto,323,2016-11-23,19,46,2,4353.0,5457.0,0.8,2079.0,1029.0,380.0,188.0,35.0,9.0,1540.0,2247.0,645.0,42.0,0.0,62.71,6.69,2.0,18.0,109.0,249.0,229.0,93.0,32.0,3.0,11,88,10,10,176,75,84,61
Stefan Mitrovic,324,2016-11-23,19,52,2,4538.0,5457.0,0.83,2017.0,1244.0,379.0,174.0,55.0,8.0,1276.0,1360.0,735.0,324.0,0.0,64.43,5.46,7.0,21.0,95.0,305.0,245.0,120.0,19.0,5.0,11,88,10,10,176,73,78,49
Kenneth Saief,325,2016-11-23,19,48,3,5127.0,5457.0,0.94,2173.0,1589.0,455.0,247.0,95.0,11.0,1522.0,1217.0,1491.0,623.0,18.0,64.96,5.97,3.0,27.0,109.0,298.0,254.0,116.0,33.0,9.0,11,88,10,10,176,73,70,77
Rob Schoofs,326,2016-11-23,19,31,3,4381.0,5457.0,0.8,2047.0,1188.0,319.0,149.0,60.0,5.0,1397.0,1146.0,547.0,86.0,0.0,63.9,7.53,2.0,16.0,90.0,225.0,208.0,87.0,21.0,2.0,11,88,10,10,176,71,64,66
Hannes Van Der Bruggen,327,2016-11-23,19,50,2,5226.0,5457.0,0.96,2276.0,1435.0,569.0,187.0,39.0,7.0,1463.0,1576.0,1215.0,368.0,17.0,64.63,6.1,5.0,29.0,156.0,313.0,297.0,137.0,43.0,3.0,11,88,10,10,176,70,67,57
Brecht Dejaegere,328,2016-11-23,19,43,2,4961.0,5457.0,0.91,2147.0,1421.0,402.0,213.0,93.0,15.0,1167.0,1558.0,1492.0,443.0,0.0,64.56,6.99,9.0,44.0,111.0,281.0,234.0,136.0,31.0,12.0,11,88,10,10,176,75,75,77
Nana Asare,329,2016-11-23,19,41,3,4466.0,5457.0,0.82,1985.0,1251.0,259.0,249.0,158.0,15.0,927.0,1177.0,1351.0,308.0,2.0,58.46,4.24,5.0,23.0,89.0,215.0,197.0,82.0,32.0,11.0,11,88,10,10,176,75,71,79
Lasse Nielsen,330,2016-11-23,19,47,3,4287.0,5457.0,0.79,1968.0,942.0,321.0,162.0,75.0,4.0,1863.0,1256.0,997.0,128.0,18.0,54.56,8.03,3.0,24.0,83.0,223.0,177.0,94.0,27.0,2.0,11,88,10,10,176,73,75,65
Jeremy Perbet,331,2016-11-23,19,32,3,3739.0,5457.0,0.69,1860.0,954.0,269.0,135.0,5.0,3.0,1549.0,943.0,266.0,0.0,0.0,60.29,4.64,3.0,11.0,88.0,188.0,160.0,76.0,16.0,1.0,11,88,10,10,176,74,65,55
Moses Simon,332,2016-11-23,19,49,3,3996.0,5457.0,0.73,1630.0,1109.0,274.0,248.0,123.0,14.0,1379.0,1659.0,371.0,0.0,0.0,62.73,,2.0,23.0,69.0,219.0,190.0,72.0,28.0,11.0,11,88,10,10,176,74,62,91
Siebe Horemans,333,2016-11-23,19,33,3,4735.0,5457.0,0.87,1966.0,1326.0,494.0,202.0,38.0,5.0,1123.0,1336.0,1756.0,756.0,11.0,63.54,8.57,4.0,20.0,102.0,273.0,230.0,103.0,30.0,4.0,11,88,10,10,176,62,60,66
Thomas Foket,334,2016-11-23,19,44,3,5876.0,5457.0,1.08,2124.0,1902.0,627.0,403.0,154.0,16.0,846.0,1497.0,1984.0,665.0,27.0,68.84,5.91,4.0,34.0,144.0,346.0,276.0,151.0,35.0,10.0,11,88,10,10,176,73,71,80
Ibrahim Rabiu,335,2016-11-23,19,34,5,3982.0,5457.0,0.73,1516.0,1107.0,409.0,186.0,132.0,13.0,1457.0,1630.0,1103.0,64.0,0.0,70.18,4.91,4.0,21.0,74.0,218.0,180.0,73.0,33.0,7.0,11,88,10,10,176,68,57,79
Anderson Esiti,336,2016-11-23,19,35,2,4370.0,5457.0,0.8,1990.0,1185.0,318.0,212.0,107.0,14.0,867.0,1026.0,1379.0,1136.0,110.0,59.1,9.23,9.0,22.0,92.0,191.0,176.0,91.0,33.0,9.0,11,88,10,10,176,74,88,51
Rami Gershon,337,2016-11-23,19,36,2,5215.0,5457.0,0.96,2334.0,1340.0,369.0,315.0,176.0,12.0,1194.0,1345.0,1244.0,571.0,14.0,60.0,5.89,3.0,19.0,107.0,267.0,234.0,92.0,40.0,10.0,11,88,10,10,176,74,76,65
Danijel Milicevic,338,2016-11-23,19,45,2,4113.0,5457.0,0.75,1714.0,1106.0,344.0,195.0,87.0,9.0,1236.0,1394.0,766.0,250.0,50.0,56.1,7.2,4.0,21.0,82.0,240.0,194.0,84.0,31.0,8.0,11,88,10,10,176,76,53,75
Dieumerci Ndongala,339,2016-11-23,19,37,5,3959.0,5457.0,0.73,1884.0,979.0,249.0,158.0,49.0,7.0,416.0,1158.0,1704.0,1235.0,14.0,58.66,5.56,3.0,23.0,82.0,205.0,178.0,88.0,29.0,6.0,11,88,10,10,176,72,55,86
Kalifa Coulibaly,340,2016-11-25,20,42,4,3999.0,3600.0,1.11,2123.0,929.0,210.0,75.0,67.0,2.0,700.0,1796.0,1096.0,0.0,0.0,50.17,7.07,1.0,10.0,73.0,178.0,145.0,85.0,13.0,1.0,6,75,21,10,113,73,72,74
Stefan Mitrovic,341,2016-11-25,20,52,3,3936.0,3600.0,1.09,1695.0,1236.0,187.0,100.0,111.0,1.0,1303.0,1504.0,342.0,111.0,0.0,64.43,5.46,1.0,20.0,61.0,227.0,181.0,78.0,22.0,0.0,6,75,21,10,113,73,78,49
Kenneth Saief,342,2016-11-25,20,48,3,3842.0,3600.0,1.07,1977.0,1032.0,189.0,77.0,56.0,0.0,1044.0,1590.0,435.0,33.0,0.0,64.96,5.97,0.0,9.0,83.0,173.0,170.0,68.0,11.0,0.0,6,75,21,10,113,73,70,77
Moses Simon,343,2016-11-25,20,49,3,4020.0,3600.0,1.12,2145.0,998.0,175.0,110.0,46.0,1.0,1149.0,1667.0,385.0,24.0,0.0,62.73,,0.0,8.0,97.0,179.0,167.0,100.0,13.0,0.0,6,75,21,10,113,74,62,91
Thomas Foket,344,2016-11-25,20,44,3,4509.0,3600.0,1.25,1949.0,1615.0,214.0,140.0,61.0,2.0,963.0,1631.0,712.0,16.0,0.0,68.84,5.91,1.0,23.0,92.0,207.0,175.0,103.0,21.0,1.0,6,75,21,10,113,73,71,80
Anderson Esiti,345,2016-11-25,20,35,3,3951.0,3600.0,1.1,2197.0,844.0,195.0,109.0,44.0,2.0,1046.0,1281.0,973.0,134.0,0.0,59.1,9.23,2.0,9.0,71.0,162.0,116.0,74.0,19.0,0.0,6,75,21,10,113,74,88,51
Danijel Milicevic,346,2016-11-25,20,45,2,3931.0,3600.0,1.09,1955.0,1109.0,183.0,104.0,32.0,0.0,1452.0,1042.0,209.0,0.0,0.0,56.1,7.2,0.0,12.0,70.0,211.0,187.0,73.0,8.0,0.0,6,75,21,10,113,76,53,75
Jeremy Taravel,347,2016-11-25,21,26,6,6890.0,5400.0,1.28,3308.0,1677.0,857.0,433.0,55.0,6.0,322.0,1221.0,2058.0,1710.0,3.0,57.13,7.56,6.0,40.0,170.0,269.0,236.0,201.0,33.0,4.0,6,75,21,10,113,72,71,65
Lucas Schoofs,348,2016-11-25,21,27,7,9098.0,5400.0,1.68,3229.0,2533.0,1480.0,827.0,346.0,18.0,746.0,1160.0,1689.0,910.0,1624.0,69.85,4.56,15.0,50.0,215.0,342.0,302.0,215.0,65.0,10.0,6,75,21,10,113,63,61,59
Ofir Davidzada,349,2016-11-25,21,29,7,8590.0,5400.0,1.59,3193.0,2097.0,1458.0,829.0,410.0,14.0,1467.0,1197.0,624.0,2036.0,105.0,60.15,5.8,18.0,57.0,187.0,276.0,252.0,193.0,56.0,7.0,6,75,21,10,113,68,60,73
Rob Schoofs,350,2016-11-25,21,31,6,7400.0,5400.0,1.37,3171.0,1894.0,1081.0,483.0,176.0,7.0,1248.0,1386.0,795.0,1569.0,235.0,63.9,7.53,6.0,45.0,181.0,261.0,232.0,194.0,41.0,3.0,6,75,21,10,113,71,64,66
Hannes Van Der Bruggen,351,2016-11-25,21,50,6,8468.0,5400.0,1.57,3125.0,2470.0,1482.0,632.0,154.0,4.0,1070.0,1465.0,674.0,1420.0,815.0,64.63,6.1,12.0,78.0,223.0,316.0,279.0,264.0,60.0,3.0,6,75,21,10,113,70,67,57
Brecht Dejaegere,352,2016-11-25,21,43,8,8640.0,5400.0,1.6,2592.0,2341.0,1883.0,732.0,236.0,16.0,572.0,1265.0,1098.0,1828.0,504.0,64.56,6.99,13.0,62.0,234.0,270.0,252.0,264.0,48.0,8.0,6,75,21,10,113,75,75,77
Jeremy Perbet,353,2016-11-25,21,32,6,7422.0,5400.0,1.37,3457.0,1636.0,1127.0,483.0,172.0,3.0,914.0,1099.0,1013.0,1388.0,796.0,60.29,4.64,12.0,50.0,176.0,278.0,241.0,205.0,33.0,2.0,6,75,21,10,113,74,65,55
Siebe Horemans,354,2016-11-25,21,33,4,7870.0,5400.0,1.46,3365.0,2077.0,1205.0,491.0,114.0,15.0,550.0,1641.0,1219.0,1825.0,170.0,63.54,8.57,4.0,48.0,196.0,326.0,292.0,194.0,53.0,11.0,6,75,21,10,113,62,60,66
Ibrahim Rabiu,356,2016-11-25,21,34,6,8088.0,5400.0,1.5,3259.0,2294.0,1285.0,426.0,260.0,19.0,1073.0,1273.0,936.0,1244.0,956.0,70.18,4.91,8.0,53.0,235.0,273.0,261.0,229.0,60.0,13.0,6,75,21,10,113,68,57,79
Rami Gershon,357,2016-11-25,21,36,7,7792.0,5400.0,1.44,3277.0,1970.0,1101.0,536.0,270.0,20.0,1020.0,1200.0,857.0,1208.0,1011.0,60.0,5.89,5.0,47.0,195.0,330.0,293.0,177.0,70.0,13.0,6,75,21,10,113,74,76,65
Danijel Milicevic,358,2016-11-25,21,45,7,7023.0,5400.0,1.3,3085.0,1629.0,1076.0,477.0,113.0,13.0,437.0,1382.0,1494.0,1387.0,588.0,56.1,7.2,7.0,52.0,169.0,241.0,240.0,186.0,42.0,9.0,6,75,21,10,113,76,53,75
Jeremy Taravel,359,2016-11-26,22,26,3,4518.0,3600.0,1.26,2002.0,1027.0,434.0,163.0,243.0,4.0,967.0,1701.0,1535.0,311.0,0.0,57.13,7.56,2.0,17.0,104.0,302.0,245.0,131.0,25.0,1.0,7,85,6,10,113,72,71,65
Lucas Schoofs,360,2016-11-26,22,27,4,5758.0,3600.0,1.6,2154.0,1591.0,832.0,296.0,186.0,8.0,1127.0,1511.0,1282.0,636.0,24.0,69.85,4.56,4.0,21.0,154.0,322.0,301.0,158.0,33.0,4.0,7,85,6,10,113,63,61,59
Ofir Davidzada,361,2016-11-26,22,29,5,6266.0,3600.0,1.74,2472.0,1650.0,805.0,382.0,246.0,13.0,1283.0,2014.0,993.0,100.0,0.0,60.15,5.8,4.0,27.0,156.0,280.0,228.0,152.0,43.0,7.0,7,85,6,10,113,68,60,73
Kalifa Coulibaly,362,2016-11-26,22,42,4,4747.0,3600.0,1.32,2275.0,1612.0,225.0,53.0,0.0,1.0,1049.0,1321.0,817.0,33.0,0.0,50.17,7.07,0.0,7.0,93.0,175.0,157.0,98.0,6.0,1.0,7,85,6,10,113,73,72,74
Thomas Matton,363,2016-11-26,22,51,4,4987.0,3600.0,1.39,1727.0,1491.0,551.0,327.0,354.0,8.0,845.0,1379.0,850.0,856.0,117.0,68.84,4.49,3.0,29.0,131.0,232.0,229.0,124.0,24.0,8.0,7,85,6,10,113,72,60,63
Renato Neto,364,2016-11-26,22,46,2,4107.0,3600.0,1.14,1728.0,925.0,496.0,248.0,178.0,2.0,1111.0,1776.0,682.0,189.0,44.0,62.71,6.69,7.0,20.0,113.0,239.0,203.0,116.0,24.0,1.0,7,85,6,10,113,75,84,61
Stefan Mitrovic,365,2016-11-26,22,52,4,5173.0,3600.0,1.44,2032.0,1537.0,550.0,213.0,178.0,5.0,555.0,1243.0,1835.0,698.0,15.0,64.43,5.46,4.0,23.0,148.0,311.0,271.0,156.0,25.0,4.0,7,85,6,10,113,73,78,49
Kenneth Saief,366,2016-11-26,22,48,3,5126.0,3600.0,1.42,2161.0,1428.0,586.0,239.0,85.0,4.0,1344.0,1850.0,1075.0,214.0,0.0,64.96,5.97,1.0,18.0,137.0,328.0,273.0,159.0,27.0,2.0,7,85,6,10,113,73,70,77
Rob Schoofs,367,2016-11-26,22,31,4,4643.0,3600.0,1.29,1685.0,1276.0,482.0,307.0,292.0,5.0,706.0,1681.0,1014.0,567.0,133.0,63.9,7.53,6.0,17.0,113.0,237.0,224.0,125.0,18.0,2.0,7,85,6,10,113,71,64,66
Hannes Van Der Bruggen,368,2016-11-26,22,50,2,4968.0,3600.0,1.38,1845.0,1432.0,539.0,280.0,60.0,3.0,1279.0,1287.0,1010.0,241.0,0.0,64.63,6.1,3.0,18.0,142.0,301.0,258.0,144.0,28.0,1.0,7,85,6,10,113,70,67,57
Brecht Dejaegere,369,2016-11-26,22,43,2,4695.0,3600.0,1.3,1729.0,1388.0,540.0,298.0,139.0,6.0,1042.0,1668.0,780.0,361.0,0.0,64.56,6.99,2.0,28.0,148.0,212.0,209.0,137.0,33.0,3.0,7,85,6,10,113,75,75,77
Nana Asare,370,2016-11-26,22,41,2,3942.0,3600.0,1.1,1474.0,979.0,513.0,188.0,250.0,7.0,1064.0,1601.0,640.0,551.0,82.0,58.46,4.24,5.0,19.0,119.0,194.0,182.0,114.0,23.0,6.0,7,85,6,10,113,75,71,79
Lasse Nielsen,371,2016-11-26,22,47,3,4180.0,3600.0,1.16,1526.0,1057.0,393.0,240.0,117.0,5.0,570.0,1253.0,1366.0,762.0,190.0,54.56,8.03,3.0,23.0,117.0,238.0,207.0,121.0,26.0,3.0,7,85,6,10,113,73,75,65
Jeremy Perbet,372,2016-11-26,22,32,5,4382.0,3600.0,1.22,1751.0,1224.0,470.0,212.0,168.0,2.0,1562.0,1366.0,600.0,216.0,0.0,60.29,4.64,3.0,14.0,107.0,214.0,195.0,85.0,23.0,1.0,7,85,6,10,113,74,65,55
Moses Simon,373,2016-11-26,22,49,4,4086.0,3600.0,1.14,1581.0,1133.0,367.0,120.0,239.0,5.0,1812.0,1113.0,435.0,148.0,0.0,62.73,,3.0,18.0,109.0,177.0,169.0,105.0,24.0,4.0,7,85,6,10,113,74,62,91
Siebe Horemans,374,2016-11-26,22,33,4,5661.0,3600.0,1.57,2330.0,1922.0,436.0,149.0,171.0,6.0,844.0,1736.0,1793.0,719.0,7.0,63.54,8.57,2.0,21.0,114.0,315.0,250.0,143.0,27.0,4.0,7,85,6,10,113,62,60,66
Thomas Foket,375,2016-11-26,22,44,4,5075.0,3600.0,1.41,1747.0,1522.0,726.0,244.0,247.0,6.0,1085.0,1417.0,1120.0,319.0,1.0,68.84,5.91,5.0,25.0,144.0,280.0,240.0,151.0,33.0,5.0,7,85,6,10,113,73,71,80
Ibrahim Rabiu,376,2016-11-26,22,34,4,3930.0,3600.0,1.09,1570.0,1023.0,468.0,181.0,96.0,8.0,1099.0,1108.0,805.0,448.0,0.0,70.18,4.91,4.0,19.0,117.0,224.0,183.0,118.0,28.0,3.0,7,85,6,10,113,68,57,79
Anderson Esiti,377,2016-11-26,22,35,3,4435.0,3600.0,1.23,1734.0,1003.0,618.0,345.0,139.0,8.0,727.0,1384.0,1351.0,575.0,13.0,59.1,9.23,2.0,11.0,108.0,202.0,174.0,101.0,26.0,4.0,7,85,6,10,113,74,88,51
Rami Gershon,378,2016-11-26,22,36,3,5258.0,3600.0,1.46,2183.0,1457.0,573.0,207.0,134.0,5.0,1350.0,1818.0,900.0,393.0,7.0,60.0,5.89,3.0,19.0,131.0,297.0,236.0,143.0,27.0,4.0,7,85,6,10,113,74,76,65
Danijel Milicevic,379,2016-11-26,22,45,3,4764.0,3600.0,1.32,2253.0,1083.0,432.0,160.0,64.0,5.0,1634.0,1542.0,733.0,131.0,0.0,56.1,7.2,4.0,22.0,116.0,313.0,259.0,128.0,29.0,4.0,7,85,6,10,113,76,53,75
Dieumerci Ndongala,380,2016-11-26,22,37,4,3465.0,3600.0,0.96,1566.0,905.0,188.0,111.0,74.0,3.0,1304.0,1620.0,872.0,153.0,0.0,58.66,5.56,2.0,12.0,88.0,223.0,203.0,95.0,11.0,3.0,7,85,6,10,113,72,55,86
Jeremy Taravel,382,2016-11-28,23,26,6,6093.0,4980.0,1.22,2516.0,1688.0,659.0,236.0,174.0,5.0,683.0,1719.0,1641.0,1820.0,90.0,57.13,7.56,0.0,39.0,151.0,304.0,235.0,187.0,38.0,2.0,4,63,17,10,113,72,71,65
Lucas Schoofs,383,2016-11-28,23,27,4,6718.0,4980.0,1.35,2462.0,2010.0,943.0,393.0,174.0,10.0,918.0,1411.0,1094.0,1082.0,1260.0,69.85,4.56,7.0,45.0,209.0,276.0,233.0,203.0,61.0,4.0,4,63,17,10,113,63,61,59
Ofir Davidzada,384,2016-11-28,23,29,6,6402.0,4980.0,1.29,2544.0,1800.0,895.0,247.0,101.0,11.0,1529.0,1463.0,1120.0,1173.0,65.0,60.15,5.8,5.0,39.0,204.0,301.0,241.0,222.0,46.0,6.0,4,63,17,10,113,68,60,73
Kalifa Coulibaly,385,2016-11-28,23,42,4,5611.0,4980.0,1.13,2546.0,1339.0,570.0,212.0,108.0,6.0,545.0,1031.0,1689.0,1534.0,330.0,50.17,7.07,4.0,25.0,141.0,258.0,201.0,175.0,30.0,3.0,4,63,17,10,113,73,72,74
Kenneth Saief,386,2016-11-28,23,48,5,6483.0,4980.0,1.3,2663.0,2094.0,671.0,198.0,49.0,1.0,1317.0,1333.0,1765.0,688.0,448.0,64.96,5.97,2.0,25.0,187.0,359.0,291.0,210.0,41.0,0.0,4,63,17,10,113,73,70,77
Rob Schoofs,387,2016-11-28,23,31,4,5690.0,4980.0,1.14,2541.0,1542.0,587.0,128.0,70.0,6.0,1911.0,1194.0,885.0,540.0,71.0,63.9,7.53,2.0,25.0,162.0,271.0,235.0,175.0,23.0,3.0,4,63,17,10,113,71,64,66
Brecht Dejaegere,388,2016-11-28,23,43,3,6330.0,4980.0,1.27,2526.0,1849.0,839.0,287.0,42.0,7.0,1375.0,1458.0,1110.0,977.0,18.0,64.56,6.99,8.0,39.0,189.0,336.0,244.0,213.0,60.0,3.0,4,63,17,10,113,75,75,77
Moses Simon,389,2016-11-28,23,49,5,5496.0,4980.0,1.1,2289.0,1550.0,596.0,168.0,56.0,17.0,1784.0,1323.0,939.0,718.0,308.0,62.73,,2.0,30.0,170.0,261.0,209.0,178.0,39.0,13.0,4,63,17,10,113,74,62,91
Anderson Esiti,390,2016-11-28,23,35,3,6205.0,4980.0,1.25,2655.0,1464.0,841.0,271.0,71.0,7.0,530.0,1490.0,1139.0,1083.0,990.0,59.1,9.23,4.0,36.0,165.0,251.0,205.0,180.0,46.0,2.0,4,63,17,10,113,74,88,51
Dieumerci Ndongala,391,2016-11-28,23,37,6,5155.0,4980.0,1.04,2064.0,1598.0,559.0,154.0,35.0,5.0,478.0,1673.0,1456.0,1052.0,507.0,58.66,5.56,6.0,27.0,157.0,259.0,196.0,181.0,38.0,4.0,4,63,17,10,113,72,55,86
Thomas Matton,392,2016-11-28,23,24,2,6259.0,3600.0,1.74,1689.0,2742.0,931.0,241.0,0.0,2.0,906.0,2132.0,902.0,93.0,0.0,68.84,4.49,0.0,6.0,73.0,224.0,220.0,84.0,3.0,0.0,4,63,17,10,113,72,60,63
Renato Neto,393,2016-11-28,23,46,3,5644.0,3600.0,1.57,1774.0,2445.0,893.0,34.0,0.0,1.0,1492.0,1825.0,63.0,0.0,0.0,62.71,6.69,2.0,7.0,82.0,215.0,189.0,73.0,7.0,1.0,4,63,17,10,113,75,84,61
Stefan Mitrovic,394,2016-11-28,23,52,2,5508.0,3600.0,1.53,1550.0,2444.0,791.0,145.0,5.0,0.0,1211.0,1669.0,392.0,0.0,0.0,64.43,5.46,0.0,6.0,65.0,201.0,191.0,70.0,8.0,0.0,4,63,17,10,113,73,78,49
Hannes Van Der Bruggen,395,2016-11-28,23,50,3,6049.0,3600.0,1.68,1929.0,2494.0,822.0,178.0,0.0,0.0,1294.0,1909.0,575.0,61.0,0.0,64.63,6.1,1.0,11.0,77.0,266.0,227.0,81.0,7.0,0.0,4,63,17,10,113,70,67,57
Lasse Nielsen,396,2016-11-28,23,47,4,4995.0,3600.0,1.39,1596.0,2170.0,589.0,25.0,0.0,0.0,884.0,1873.0,793.0,71.0,24.0,54.56,8.03,1.0,4.0,55.0,187.0,143.0,65.0,4.0,0.0,4,63,17,10,113,73,75,65
Jeremy Perbet,397,2016-11-28,23,32,4,5547.0,3600.0,1.54,1669.0,2411.0,859.0,115.0,0.0,0.0,1031.0,1220.0,1227.0,8.0,3.0,60.29,4.64,0.0,7.0,56.0,203.0,153.0,78.0,4.0,0.0,4,63,17,10,113,74,65,55
Thomas Foket,398,2016-11-28,23,44,3,6174.0,3600.0,1.72,1718.0,2662.0,1013.0,183.0,0.0,1.0,1055.0,1759.0,711.0,20.0,0.0,68.84,5.91,0.0,14.0,71.0,239.0,203.0,92.0,8.0,1.0,4,63,17,10,113,73,71,80
Rami Gershon,399,2016-11-28,23,36,1,5666.0,3600.0,1.57,1728.0,2295.0,802.0,296.0,0.0,2.0,1227.0,1494.0,95.0,77.0,0.0,60.0,5.89,2.0,4.0,56.0,202.0,170.0,71.0,7.0,1.0,4,63,17,10,113,74,76,65
