Speler;ID-nummer;Tijd (1=Stijn. 2=polar);Totaal;Datum training;Training;ID-nummer;Naam speler;RPE;Afstand;Tijd;Tijd (s);Gem v;S1;S2;S3;S4;S5;Aantal sprints;HF-zone 50-60;HF-zone 60-70;HF-zone 70-80;HF-zone 80-90;HF-zone 90-100;;;;;;
Nana Asare;1;1;1;21-7-2015;1;1;Nana Asare;3;6996;135;8100;0.863703704;3304;1767;558;826;179;13;2759;1840;768;534;14;;;0.002001144;0.001728395;;
Kalifa Coulibaly;2;1;2;21-7-2015;1;2;Kalifa Coulibaly;3;7310;135;8100;0.902469136;3441;1621;734;934;232;40;1354;2397;2864;1242;0;;;0;0;;
Brecht Dejaegere;3;1;3;21-7-2015;1;3;Brecht Dejaegere;3;7644;135;8100;0.943703704;3590;1918;859;813;138;5;2751;2927;994;277;0;;;0;0;;
Laurent Depoitre;4;1;4;21-7-2015;1;4;Laurent Depoitre;5;7553;135;8100;0.932469136;3604;1947;730;764;201;13;2583;3573;933;368;0;;;0;0;;
Thomas Foket;5;1;5;21-7-2015;1;5;Thomas Foket;3;8397;135;8100;1.036666667;3144;2329;1531;800;246;8;2283;2896;1705;388;0;;;0;0;;
Hatem Elhamed;6;1;6;21-7-2015;1;6;Haris Hajradinovic;4;7887;135;8100;0.973703704;3879;1787;787;831;283;15;2624;2164;930;469;498;;;0.063141879;0.061481481;;
Haris Hajradinovic;7;1;7;21-7-2015;1;7;Hatem Elhamed;5;6718;135;8100;0.829382716;3080;1920;560;696;105;18;2821;1526;602;23;0;;;0;0;;
Erik Johansson;8;1;8;21-7-2015;1;9;Sven Kums;4;6949;135;8100;0.857901235;3314;1693;765;780;91;2;2885;2039;737;324;0;;;0;0;;
Sven Kums;9;1;9;21-7-2015;1;11;Renato Neto;4;7385;135;8100;0.911728395;3440;1705;851;849;210;38;1665;2728;1860;498;168;;;0.022748815;0.020740741;;
Danijel Milicevic;10;1;10;21-7-2015;1;12;Lasse Nielsen;3;7488;135;8100;0.924444444;3306;2121;784;806;141;8;1970;2178;1612;762;45;;;0.006009615;0.005555556;;
Renato Neto;11;1;11;21-7-2015;1;13;Mustapha Oussalah;2;7153;135;8100;0.88308642;3672;1646;677;744;67;5;2925;1188;517;162;0;;;0;0;;
Lasse Nielsen;12;1;12;21-7-2015;1;14;Nicklas Pedersen;5;7060;135;8100;0.871604938;3534;1622;731;727;154;16;1952;3392;1376;689;237;;;0.033569405;0.029259259;;
Mustapha Oussalah;13;1;13;21-7-2015;1;15;Marko Poletanovic;2;6945;135;8100;0.857407407;3330;1939;729;622;54;9;2837;1593;566;419;0;;;0;0;;
Nicklas Pedersen;14;1;14;21-7-2015;1;16;Rafael Rafinha;6;7681;135;8100;0.948271605;3400;1986;952;828;158;9;2242;2008;913;481;0;;;0;0;;
Marko Poletanovic;15;1;15;21-7-2015;1;17;Benito Raman;3;7736;135;8100;0.955061728;3086;2022;1151;898;259;28;2508;2760;1250;173;0;;;0;0;;
Rafael Rafinha;16;1;16;21-7-2015;1;18;Kenneth Saief;5;7158;135;8100;0.883703704;3305;1705;826;790;215;25;3053;1293;761;306;0;;;0;0;;
Benito Raman;17;1;17;21-7-2015;1;19;Moses Simon;6;6232;135;8100;0.769382716;2836;1597;487;811;198;13;2618;1988;559;293;0;;;0;0;;
Kenneth Saief;18;1;18;21-7-2015;1;20;Yaya Soumahoro;3;6879;135;8100;0.849259259;3095;2026;738;618;68;3;2895;2584;880;584;0;;;0;0;;
Moses Simon;19;1;19;21-7-2015;1;21;Serge Tabekou;5;7024;135;8100;0.867160494;3195;1910;732;658;191;24;2022;1648;970;626;27;;;0.003843964;0.003333333;;
Yaya Soumahoro;20;1;20;21-7-2015;1;22;Hannes Van Der Bruggen;2;8270;135;8100;1.020987654;3636;2354;1005;804;150;8;2355;2408;1011;157;0;;;0;0;;
Serge Tabekou;21;1;21;21-7-2015;1;23;Uros Vitas;3;7289;135;8100;0.899876543;2643;2370;888;866;185;59;2136;2288;1806;803;59;;;0.008094389;0.007283951;;
Hannes Van Der Bruggen;22;1;22;27-7-2015;2;1;Nana Asare;3;5033;90;5400;0.932037037;1063;3966;0;0;0;0;69;2289;99;0;0;;;0;0;;
Uros Vitas;23;1;23;27-7-2015;2;2;Kalifa Coulibaly;4;8217;90;5400;1.521666667;4430;2181;582;435;134;13;560;2218;2931;1544;287;;;0.034927589;0.053148148;;
Thomas Matton;24;1;24;27-7-2015;2;3;Brecht Dejaegere;3;6968;90;5400;1.29037037;148;5199;1599;0;0;0;32;2398;0;0;0;;;0;0;;
Stefan Mitrovic;25;1;25;27-7-2015;2;4;Laurent Depoitre;3;5489;90;5400;1.016481481;411;5069;3;0;0;0;62;2342;4;0;0;;;0;0;;
Jeremy Taravel;26;1;26;27-7-2015;2;5;Thomas Foket;2;6171;90;5400;1.142777778;226;5920;9;0;0;0;55;2307;60;0;0;;;0;0;;
Lucas Schoofs;27;1;27;27-7-2015;2;6;Hatem Elhamed;5;8374;90;5400;1.550740741;4261;2246;728;483;360;33;2126;2082;477;691;0;;;0;0;;
Noel Soumah;28;1;28;27-7-2015;2;9;Sven Kums;3;6175;90;5400;1.143518519;128;6010;21;0;0;0;194;2202;41;0;0;;;0;0;;
Ofir Davidzada;29;1;29;27-7-2015;2;10;Danijel Milicevic;4;7114;90;5400;1.317407407;3172;2316;719;408;175;14;2112;1521;770;130;0;;;0;0;;
Emir Kujovic;30;1;30;27-7-2015;2;11;Renato Neto;2;5923;90;5400;1.096851852;176;5666;52;0;0;0;34;262;2144;26;0;;;0;0;;
Rob Schoofs;31;1;31;27-7-2015;2;12;Lasse Nielsen;1;6291;90;5400;1.165;540;5671;65;0;0;0;58;1917;654;1;0;;;0;0;;
Perbet;32;1;32;27-7-2015;2;13;Mustapha Oussalah;5;7811;90;5400;1.446481481;3535;2206;795;624;394;31;2284;1889;592;656;26;;;0.003328639;0.004814815;;
Siebe Horemans;33;1;33;27-7-2015;2;14;Nicklas Pedersen;7;7542;90;5400;1.396666667;3914;1619;558;730;358;32;1964;2972;1783;586;288;;;0.038186158;0.053333333;;
Ibrahim Rabiu;34;1;34;27-7-2015;2;16;Rafael Rafinha;5;5675;90;5400;1.050925926;165;5494;0;0;0;0;143;1145;1232;0;0;;;0;0;;
Anderson Esiti;35;1;35;27-7-2015;2;17;Benito Raman;4;7516;90;5400;1.391851852;3336;2217;770;493;374;32;2809;1750;907;727;6;;;0.000798297;0.001111111;;
Rami Gershon;36;1;36;27-7-2015;2;18;Kenneth Saief;4;5088;90;5400;0.942222222;2512;1581;363;334;53;24;2621;1947;550;0;0;;;0;0;;
Dieumerci Ndongala;37;1;37;27-7-2015;2;19;Moses Simon;6;6910;90;5400;1.27962963;2889;2188;725;481;299;25;2256;2384;1106;438;266;;;0.038494935;0.049259259;;
;;1;38;27-7-2015;2;20;Yaya Soumahoro;4;8567;90;5400;1.586481481;3257;2799;906;632;622;42;1999;2335;1519;715;190;;;0.022178125;0.035185185;;
;;1;39;27-7-2015;2;21;Serge Tabekou;4;8238;90;5400;1.525555556;4258;2027;749;551;296;33;2232;2075;702;441;66;;;0.008011653;0.012222222;;
;;1;40;27-7-2015;2;22;Hannes Van Der Bruggen;5;8449;90;5400;1.56462963;3730;2693;856;574;254;28;2836;1469;601;726;91;;;0.010770505;0.016851852;;
;;1;41;27-7-2015;2;23;Uros Vitas;4;7862;90;5400;1.455925926;3682;2301;810;503;234;59;2250;2019;1471;620;382;;;0.048588146;0.070740741;;
;;1;42;1-8-2015;3;2;Kalifa Coulibaly;4;5761;90;5400;1.066851852;3180;1479;449;346;31;13;358;679;1256;1546;1163;;;0.201874675;0.21537037;;
;;1;43;1-8-2015;3;3;Brecht Dejaegere;2;6204;90;5400;1.148888889;174;5675;321;0;0;0;153;2187;0;0;0;;;0;0;;
;;1;44;1-8-2015;3;5;Thomas Foket;2;6036;90;5400;1.117777778;169;5849;0;0;0;0;1353;1056;0;0;0;;;0;0;;
;;1;45;1-8-2015;3;7;Haris Hajradinovic;5;6814;90;5400;1.261851852;3383;1631;887;426;271;12;341;994;1347;1286;1241;;;0.182125037;0.229814815;;
;;1;46;1-8-2015;3;6;Hatem Elhamed;4;6705;90;5400;1.241666667;3070;1462;797;520;634;15;1546;993;1023;988;0;;;0;0;;
;;1;47;1-8-2015;3;8;Erik Johansson;5;6624;90;5400;1.226666667;2832;1605;771;501;688;15;232;687;1281;1767;1666;;;0.251509662;0.308518519;;
;;1;48;1-8-2015;3;10;Danijel Milicevic;2;5938;90;5400;1.09962963;368;5505;39;0;0;0;1732;384;0;0;0;;;0;0;;
;;1;49;1-8-2015;3;11;Renato Neto;2;973;90;5400;0.180185185;681;104;1;0;0;0;1883;392;123;0;0;;;0;0;;
;;1;50;1-8-2015;3;12;Lasse Nielsen;2;931;90;5400;0.172407407;627;101;4;3;2;0;1021;297;71;0;0;;;0;0;;
;;1;51;1-8-2015;3;13;Mustapha Oussalah;5;6524;90;5400;1.208148148;3436;1427;680;328;422;5;835;1524;1199;1360;464;;;0.071122011;0.085925926;;
;;1;52;1-8-2015;3;14;Nicklas Pedersen;6;6813;90;5400;1.261666667;3813;1353;515;359;447;32;483;1478;1294;1517;1095;;;0.160722149;0.202777778;;
;;1;53;1-8-2015;3;15;Marko Poletanovic;5;6575;90;5400;1.217592593;3328;1625;670;385;324;17;1056;1156;838;1143;545;;;0.082889734;0.100925926;;
;;1;54;1-8-2015;3;16;Rafael Rafinha;3;6180;90;5400;1.144444444;595;5562;3;0;0;20;117;2268;78;0;0;;;0;0;;
;;1;55;1-8-2015;3;17;Benito Raman;3;6329;90;5400;1.172037037;3192;1329;717;456;394;10;578;1693;1282;1231;739;;;0.116764102;0.136851852;;
;;1;56;1-8-2015;3;18;Kenneth Saief;8;6528;90;5400;1.208888889;2856;1724;747;548;360;0;1102;1433;1202;898;899;;;0.137714461;0.166481481;;
;;1;57;1-8-2015;3;19;Moses Simon;2;5938;90;5400;1.09962963;777;4973;174;0;0;0;171;2327;8;0;0;;;0;0;;
;;1;58;1-8-2015;3;20;Yaya Soumahoro;5;5942;90;5400;1.10037037;3029;1309;650;369;346;23;961;1462;954;1030;461;;;0.077583305;0.08537037;;
;;1;59;1-8-2015;3;21;Serge Tabekou;4;6154;90;5400;1.13962963;3226;1385;657;386;310;21;781;1088;1124;830;1003;;;0.162983425;0.185740741;;
;;1;60;1-8-2015;3;22;Hannes Van Der Bruggen;7;7472;90;5400;1.383703704;3318;1524;915;625;800;7;532;1574;1265;836;1308;;;0.175053533;0.242222222;;
;;1;61;1-8-2015;3;23;Uros Vitas;4;5735;90;5400;1.062037037;3180;1371;503;252;178;37;870;1182;783;1194;701;;;0.122231909;0.129814815;;
;;1;62;4-8-2015;4;1;Nana Asare;5;9043;135;8100;1.116419753;3890;2495;1133;592;608;9;1232;1714;1531;708;956;;;0.105717129;0.118024691;;
;;1;63;4-8-2015;4;2;Kalifa Coulibaly;4;9512;135;8100;1.174320988;4387;2569;995;671;611;12;1369;1696;2422;1551;121;;;0.012720774;0.014938272;;
;;1;64;4-8-2015;4;3;Brecht Dejaegere;6;10178;135;8100;1.25654321;4033;3033;1442;756;614;2;1672;1956;1946;1290;118;;;0.011593633;0.014567901;;
;;1;65;4-8-2015;4;5;Thomas Foket;4;10533;135;8100;1.30037037;3666;3190;1785;725;815;13;1493;2093;2256;1215;91;;;0.008639514;0.011234568;;
;;1;66;4-8-2015;4;6;Hatem Elhamed;6;10072;135;8100;1.24345679;4463;2744;1365;751;443;13;1984;2531;1103;515;0;;;0;0;;
;;1;67;4-8-2015;4;8;Erik Johansson;4;9458;135;8100;1.167654321;3264;3315;1684;630;315;2;1646;1354;3050;1006;17;;;0.00179742;0.002098765;;
;;1;68;4-8-2015;4;9;Sven Kums;5;10009;135;8100;1.235679012;3883;2911;1649;897;403;0;1882;2170;1224;792;506;;;0.050554501;0.062469136;;
;;1;69;4-8-2015;4;10;Danijel Milicevic;5;9639;135;8100;1.19;4050;2713;1409;757;440;1;1901;2151;1064;789;325;;;0.033717191;0.040123457;;
;;1;70;4-8-2015;4;11;Renato Neto;5;10173;135;8100;1.255925926;4397;2624;1627;681;519;17;1319;1537;2352;1439;591;;;0.058094957;0.072962963;;
;;1;71;4-8-2015;4;12;Lasse Nielsen;5;8950;135;8100;1.104938272;3658;2999;1153;528;326;1;1525;1737;1872;774;183;;;0.020446927;0.022592593;;
;;1;72;4-8-2015;4;13;Mustapha Oussalah;5;10086;135;8100;1.245185185;4622;2657;919;835;752;6;2386;1795;1418;391;0;;;0;0;;
;;1;73;4-8-2015;4;15;Marko Poletanovic;5;9121;135;8100;1.126049383;4000;3604;752;353;140;8;1742;1697;1628;1050;273;;;0.029930929;0.033703704;;
;;1;74;4-8-2015;4;16;Rafael Rafinha;5;9343;135;8100;1.15345679;4000;2599;1512;628;318;7;1083;1979;2243;1055;21;;;0.002247672;0.002592593;;
;;1;75;4-8-2015;4;17;Benito Raman;4;10055;135;8100;1.241358025;3814;2931;1503;856;562;19;1656;2470;2201;1123;2;;;0.000198906;0.000246914;;
;;1;76;4-8-2015;4;18;Kenneth Saief;6;10292;135;8100;1.270617284;4733;2753;1434;637;450;14;1841;2320;1565;838;478;;;0.04644384;0.059012346;;
;;1;77;4-8-2015;4;19;Moses Simon;4;8608;135;8100;1.062716049;3133;2676;1510;561;371;3;1524;2123;1922;629;18;;;0.002091078;0.002222222;;
;;1;78;4-8-2015;4;20;Yaya Soumahoro;5;8983;135;8100;1.109012346;3488;2895;1299;526;442;7;1783;1953;2317;1171;16;;;0.001781142;0.001975309;;
;;1;79;4-8-2015;4;22;Hannes Van Der Bruggen;6;9976;135;8100;1.231604938;3897;3131;1485;787;387;2;1745;1731;1935;937;128;;;0.012830794;0.015802469;;
;;1;80;4-8-2015;4;23;Uros Vitas;4;9837;135;8100;1.214444444;3921;2814;1377;776;594;41;939;1346;1676;2477;320;;;0.032530243;0.039506173;;
;;1;81;6-8-2015;5;1;Nana Asare;2;4861;90;5400;0.900185185;2361;1354;315;244;342;4;1338;1355;1618;620;0;;;0;0;;
;;1;82;6-8-2015;5;2;Kalifa Coulibaly;4;5115;90;5400;0.947222222;2257;1476;472;381;358;12;753;1026;2648;713;0;;;0;0;;
;;1;83;6-8-2015;5;3;Brecht Dejaegere;3;4959;90;5400;0.918333333;2003;1620;430;376;332;3;816;2043;2071;205;0;;;0;0;;
;;1;84;6-8-2015;5;4;Laurent Depoitre;3;5459;90;5400;1.010925926;2624;1754;461;215;180;5;719;2108;2125;210;0;;;0;0;;
;;1;85;6-8-2015;5;5;Thomas Foket;2;5421;90;5400;1.003888889;2282;1562;759;297;304;10;1553;1470;1588;449;0;;;0;0;;
;;1;86;6-8-2015;5;7;Haris Hajradinovic;5;5353;90;5400;0.991296296;2053;1730;587;330;466;18;1198;1689;1640;385;4;;;0.000747245;0.000740741;;
;;1;87;6-8-2015;5;6;Hatem Elhamed;3;5137;90;5400;0.951296296;2405;1521;541;223;251;1;1469;1742;770;0;0;;;0;0;;
;;1;88;6-8-2015;5;8;Erik Johansson;3;5095;90;5400;0.943518519;1819;1683;800;434;193;3;1089;1725;1908;170;0;;;0;0;;
;;1;89;6-8-2015;5;9;Sven Kums;4;4493;90;5400;0.832037037;2191;1343;452;248;62;4;2249;1465;768;194;0;;;0;0;;
;;1;90;6-8-2015;5;24;Thomas Matton;2;5330;90;5400;0.987037037;1713;1940;804;346;333;0;925;1436;1647;910;26;;;0.004878049;0.004814815;;
;;1;91;6-8-2015;5;10;Danijel Milicevic;4;4781;90;5400;0.88537037;2130;1458;470;351;207;0;1524;1742;819;88;0;;;0;0;;
;;1;92;6-8-2015;5;11;Renato Neto;3;4802;90;5400;0.889259259;2433;1456;398;122;101;9;1593;1590;1472;421;0;;;0;0;;
;;1;93;6-8-2015;5;12;Lasse Nielsen;3;5402;90;5400;1.00037037;2103;1792;770;294;227;4;945;1321;1406;1122;0;;;0;0;;
;;1;94;6-8-2015;5;13;Mustapha Oussalah;2;4935;90;5400;0.913888889;2030;1521;546;365;273;12;1636;1503;718;17;0;;;0;0;;
;;1;95;6-8-2015;5;14;Nicklas Pedersen;4;4824;90;5400;0.893333333;2478;1181;325;256;315;16;620;1450;1989;1088;0;;;0;0;;
;;1;96;6-8-2015;5;15;Marko Poletanovic;3;4409;90;5400;0.816481481;2351;1240;360;124;113;1;2458;1491;616;0;0;;;0;0;;
;;1;97;6-8-2015;5;16;Rafael Rafinha;3;5400;90;5400;1;1820;1603;959;433;367;12;984;1051;1813;815;0;;;0;0;;
;;1;98;6-8-2015;5;17;Benito Raman;3;5233;90;5400;0.969074074;2094;1531;644;477;272;13;1639;1741;1441;177;0;;;0;0;;
;;1;99;6-8-2015;5;18;Kenneth Saief;3;4657;90;5400;0.862407407;2345;1334;344;255;162;1;2219;1323;843;195;0;;;0;0;;
;;1;100;6-8-2015;5;19;Moses Simon;3;4830;90;5400;0.894444444;1851;1491;534;313;439;7;1384;2118;1143;114;0;;;0;0;;
;;1;101;6-8-2015;5;20;Yaya Soumahoro;3;5455;90;5400;1.010185185;2013;1765;668;307;486;5;1081;1581;1802;640;0;;;0;0;;
;;1;102;6-8-2015;5;21;Serge Tabekou;2;5612;90;5400;1.039259259;2165;1734;588;394;499;10;1022;1231;1548;842;0;;;0;0;;
;;1;103;6-8-2015;5;22;Hannes Van Der Bruggen;2;4964;90;5400;0.919259259;2163;1773;545;147;99;5;1928;1431;996;105;0;;;0;0;;
;;1;104;6-8-2015;5;23;Uros Vitas;4;4809;90;5400;0.890555556;1878;1590;554;374;191;29;1110;1371;1173;1423;9;;;0.001871491;0.001666667;;
;;1;105;26-8-2015;6;2;Kalifa Coulibaly;6;8382;110;6600;1.27;3602;2354;682;604;820;17;1248;1293;2068;1806;239;;;0.028513481;0.036212121;;
;;1;106;26-8-2015;6;4;Laurent Depoitre;7;9035;110;6600;1.368939394;4118;2393;830;993;387;9;1370;1867;1232;1726;7;;;0.000774765;0.001060606;;
;;1;107;26-8-2015;6;7;Haris Hajradinovic;7;8737;110;6600;1.323787879;3512;2321;859;830;903;14;1339;1568;1416;1596;440;;;0.050360536;0.066666667;;
;;1;108;26-8-2015;6;6;Hatem Elhamed;6;7868;110;6600;1.192121212;3318;2546;898;697;37;15;1257;1717;1458;992;0;;;0;0;;
;;1;109;26-8-2015;6;8;Erik Johansson;6;8471;110;6600;1.283484848;3599;2274;804;866;610;18;948;1852;2178;1196;215;;;0.025380711;0.032575758;;
;;1;110;26-8-2015;6;9;Sven Kums;5;8706;110;6600;1.319090909;3726;2380;838;699;734;21;1300;1716;1726;774;731;;;0.083965082;0.110757576;;
;;1;111;26-8-2015;6;10;Danijel Milicevic;7;8076;110;6600;1.223636364;3651;1930;902;1056;171;27;2029;1715;508;966;96;;;0.011887073;0.014545455;;
;;1;112;26-8-2015;6;11;Renato Neto;6;8873;110;6600;1.344393939;4029;2066;1005;1122;323;19;1551;1674;1741;1378;187;;;0.021075172;0.028333333;;
;;1;113;26-8-2015;6;12;Lasse Nielsen;7;8338;110;6600;1.263333333;3780;2128;708;1143;276;13;1315;1415;1169;1162;712;;;0.08539218;0.107878788;;
;;1;114;26-8-2015;6;13;Mustapha Oussalah;5;8788;110;6600;1.331515152;3583;2284;1013;998;596;34;1790;1571;1409;1520;45;;;0.005120619;0.006818182;;
;;1;115;26-8-2015;6;14;Nicklas Pedersen;7;7874;110;6600;1.193030303;3678;1705;1112;952;52;48;1206;1450;1375;1573;1008;;;0.128016256;0.152727273;;
;;1;116;26-8-2015;6;15;Marko Poletanovic;5;8034;110;6600;1.217272727;3821;1787;858;962;199;51;1351;1792;1522;1209;392;;;0.048792631;0.059393939;;
;;1;117;26-8-2015;6;16;Rafael Rafinha;7;8587;110;6600;1.301060606;4080;1951;1033;1015;225;50;1061;1143;1978;1500;351;;;0.040875742;0.053181818;;
;;1;118;26-8-2015;6;17;Benito Raman;4;8526;110;6600;1.291818182;3523;2205;772;673;985;17;1944;1752;1175;997;0;;;0;0;;
;;1;119;26-8-2015;6;18;Kenneth Saief;7;7676;110;6600;1.163030303;3207;2215;994;816;104;3;1745;1316;1186;1587;48;;;0.006253257;0.007272727;;
;;1;120;26-8-2015;6;19;Moses Simon;7;7432;110;6600;1.126060606;3144;1531;683;490;1170;33;2030;2044;1062;768;383;;;0.051533907;0.058030303;;
;;1;121;26-8-2015;6;20;Yaya Soumahoro;6;7635;110;6600;1.156818182;2986;1961;867;555;870;30;1821;2036;1390;867;447;;;0.058546169;0.067727273;;
;;1;122;26-8-2015;6;21;Serge Tabekou;5;7786;110;6600;1.17969697;3392;1749;882;762;678;43;1704;1425;808;560;506;;;0.064988441;0.076666667;;
;;1;123;26-8-2015;6;22;Hannes Van Der Bruggen;7;8901;110;6600;1.348636364;3919;2353;820;778;696;44;1299;1345;1565;1393;667;;;0.074935401;0.101060606;;
;;1;124;26-8-2015;6;23;Uros Vitas;3;7979;110;6600;1.208939394;3600;1989;900;800;308;104;1014;1464;1384;1397;1039;;;0.130216819;0.157424242;;
;;1;125;8-9-2015;7;1;Nana Asare;3;3657;95;5700;0.641578947;1822;690;415;483;80;7;1190;700;298;377;60;;;0.016406891;0.010526316;;
;;1;126;8-9-2015;7;2;Kalifa Coulibaly;4;3433;95;5700;0.602280702;1494;838;368;518;77;12;1736;1086;434;462;0;;;0;0;;
;;1;127;8-9-2015;7;3;Brecht Dejaegere;4;4368;95;5700;0.766315789;2080;1040;475;562;31;10;1827;1178;593;351;0;;;0;0;;
;;1;128;8-9-2015;7;4;Laurent Depoitre;5;3721;95;5700;0.652807018;1470;1148;383;500;80;8;2845;1264;586;331;0;;;0;0;;
;;1;129;8-9-2015;7;5;Thomas Foket;1;4364;95;5700;0.765614035;1953;1098;478;520;129;11;1304;812;425;237;0;;;0;0;;
;;1;130;8-9-2015;7;7;Haris Hajradinovic;5;4226;95;5700;0.741403509;1638;1168;437;718;136;10;1413;695;564;457;0;;;0;0;;
;;1;131;8-9-2015;7;6;Hatem Elhamed;5;3503;95;5700;0.614561404;1571;795;509;439;55;8;964;799;730;6;0;;;0;0;;
;;1;132;8-9-2015;7;10;Danijel Milicevic;6;3738;95;5700;0.655789474;1668;860;573;393;36;17;1909;806;337;447;80;;;0.021401819;0.014035088;;
;;1;133;8-9-2015;7;25;Stefan Mitrovic;3;4006;95;5700;0.702807018;1747;982;385;581;101;3;1234;732;311;581;6;;;0.001497753;0.001052632;;
;;1;134;8-9-2015;7;11;Renato Neto;2;3581;95;5700;0.628245614;1553;823;459;485;53;12;2129;665;325;339;0;;;0;0;;
;;1;135;8-9-2015;7;12;Lasse Nielsen;3;3863;95;5700;0.677719298;1526;1127;504;502;70;8;1110;707;417;394;0;;;0;0;;
;;1;136;8-9-2015;7;14;Nicklas Pedersen;4;3742;95;5700;0.656491228;1861;754;532;445;30;5;2209;860;544;399;172;;;0.045964725;0.030175439;;
;;1;137;8-9-2015;7;15;Marko Poletanovic;4;3901;95;5700;0.684385965;2013;819;624;285;10;17;2387;1258;601;556;19;;;0.004870546;0.003333333;;
;;1;138;8-9-2015;7;16;Rafael Rafinha;4;3405;95;5700;0.597368421;1456;793;465;465;34;4;1861;736;459;522;80;;;0.02349486;0.014035088;;
;;1;139;8-9-2015;7;17;Benito Raman;1;3833;95;5700;0.67245614;1686;993;413;504;63;11;1468;837;519;124;0;;;0;0;;
;;1;140;8-9-2015;7;18;Kenneth Saief;4;3538;95;5700;0.620701754;1540;961;598;272;20;5;1110;498;389;270;0;;;0;0;;
;;1;141;8-9-2015;7;20;Yaya Soumahoro;3;4261;95;5700;0.74754386;1772;1060;499;660;117;14;1143;819;490;444;0;;;0;0;;
;;1;142;8-9-2015;7;22;Hannes Van Der Bruggen;3;3592;95;5700;0.630175439;1342;1076;511;500;55;6;616;744;481;136;0;;;0;0;;
;;2;143;9-11-2016;8;27;Lucas schoofs;6;6896;150;6956;0.991374353;2312;2221;1059;428;115;22;1006;1457;1679;1073;894;;;0.129640371;0.128522139;;
;;2;144;9-11-2016;8;29;Ofir Davidzada;5;7103;150;6956;1.021132835;2377;2197;1142;463;164;26;1588;1219;936;776;0;;;0;0;;
;;2;145;9-11-2016;8;30;Emir Kujovic;6;6004;150;6956;0.863139735;2323;1952;740;101;23;13;1760;2009;1892;513;32;;;0.00532978;0.004600345;;
;;2;146;9-11-2016;8;18;Kenneth Saief;6;6925;150;6956;0.995543416;2565;2394;887;256;79;18;1863;1473;1330;497;348;;;0.050252708;0.050028752;;
;;2;147;9-11-2016;8;31;Rob Schoofs;6;6626;150;6956;0.952558942;2331;2400;877;301;59;15;1612;1643;554;524;0;;;0;0;;
;;2;148;9-11-2016;8;22;Hannes Van Der Bruggen;6;6626;150;6956;0.952558942;2377;2215;889;338;82;14;1684;1902;1112;421;453;;;0.068367039;0.065123634;;
;;2;149;9-11-2016;8;3;Brecht Dejaegere;6;6696;150;6956;0.962622197;2368;2235;935;289;48;22;1796;2029;866;670;2;;;0.000298686;0.000287522;;
;;2;150;9-11-2016;8;32;Perbet;4;6186;150;6956;0.889304198;2140;2165;846;292;50;6;1563;951;262;529;153;;;0.024733269;0.0219954;;
;;2;151;9-11-2016;8;33;Siebe Horemans;6;6815;150;6956;0.97972973;2564;2032;915;385;98;32;849;1999;2070;1222;165;;;0.024211299;0.023720529;;
;;2;152;9-11-2016;8;34;Ibrahim Rabiu;7;6279;150;6956;0.902673951;2242;2064;829;318;79;29;1980;1278;850;303;645;;;0.102723364;0.092725704;;
;;2;153;9-11-2016;8;35;Anderson Esiti;7;6086;145;6956;0.87492812;2231;1804;796;337;77;34;1505;1851;1389;936;214;;;0.035162668;0.030764807;;
;;2;154;9-11-2016;8;37;Dieumerci Ndongala;6;5998;150;6956;0.862277171;2263;2094;617;158;40;15;1782;2255;1812;410;0;;;0;0;;
;;1;155;10-11-2016;9;27;Lucas schoofs;7;7007;75;4500;1.557111111;2424;1764;1118;680;452;24;153;984;1242;1050;1791;;;0.255601541;0.398;;
;;1;156;10-11-2016;9;29;Ofir Davidzada;7;7034;75;4500;1.563111111;2623;1405;1471;691;326;26;1114;874;994;1895;22;;;0.003127666;0.004888889;;
;;1;157;10-11-2016;9;2;Kalifa Coulibaly;7;5616;75;4500;1.248;2730;1073;633;216;207;15;668;1210;1596;1079;141;;;0.025106838;0.031333333;;
;;1;158;10-11-2016;9;24;Thomas Matton;8;5909;75;4500;1.313111111;2169;1377;926;639;315;28;557;680;848;1208;1289;;;0.218141818;0.286444444;;
;;1;159;10-11-2016;9;11;Renato Neto;6;5679;75;4500;1.262;2535;1006;784;408;329;26;744;1330;1313;1332;145;;;0.025532664;0.032222222;;
;;1;160;10-11-2016;9;30;Emir Kujovic;5;5205;75;4500;1.156666667;2642;1109;644;144;34;6;468;1295;1965;985;204;;;0.039193084;0.045333333;;
;;1;161;10-11-2016;9;18;Kenneth Saief;5;6866;75;4500;1.525777778;2582;1604;1419;581;240;14;1097;893;1220;1395;250;;;0.036411302;0.055555556;;
;;1;162;10-11-2016;9;31;Rob Schoofs;6;6577;75;4500;1.461555556;2875;1328;1072;482;214;14;1146;1072;1097;1287;0;;;0;0;;
;;1;163;10-11-2016;9;22;Hannes Van Der Bruggen;6;6714;75;4500;1.492;2538;1550;1297;575;179;17;654;1339;915;1150;1064;;;0.158474829;0.236444444;;
;;1;164;10-11-2016;9;3;Brecht Dejaegere;7;6864;75;4500;1.525333333;2849;1379;1148;608;266;20;490;1389;1557;1565;189;;;0.027534965;0.042;;
;;1;165;10-11-2016;9;1;Nana Asare;10;5836;75;4500;1.296888889;1867;1539;1156;460;240;27;499;873;911;1082;1254;;;0.214873201;0.278666667;;
;;1;166;10-11-2016;9;33;Siebe Horemans;5;6858;75;4500;1.524;3026;1503;1124;429;226;19;269;1184;1770;1736;96;;;0.01399825;0.021333333;;
;;1;167;10-11-2016;9;34;Ibrahim Rabiu;7;5913;75;4500;1.314;2126;1592;1093;364;233;33;808;821;1104;1341;559;;;0.09453746;0.124222222;;
;;1;168;10-11-2016;9;37;Dieumerci Ndongala;6;5458;75;4500;1.212888889;2380;1162;789;314;153;17;836;1453;1430;1191;76;;;0.013924514;0.016888889;;
;;2;169;23-7-2015;10;1;Nana Asare;6;3816;;3562;1.071308254;1430;962;583;401;302;14;484;697;726;896;713;;;0.186844864;0.200168445;;
;;2;170;23-7-2015;10;2;Kalifa Coulibaly;5;4015;;3562;1.127175744;1591;1664;403;175;108;6;262;587;1388;1145;168;;;0.041843088;0.047164514;;
;;2;171;23-7-2015;10;3;Brecht Dejaegere;6;3982;;3562;1.117911286;1605;773;702;460;290;16;543;897;623;1370;129;;;0.032395781;0.036215609;;
;;2;172;23-7-2015;10;4;Laurent Depoitre;5;3891;;3562;1.092363841;1609;877;562;413;313;9;684;573;1065;1224;0;;;0;0;;
;;2;173;23-7-2015;10;5;Thomas Foket;5;4941;;3562;1.387142055;1415;1509;1051;508;340;14;408;949;1097;1008;96;;;0.019429265;0.026951151;;
;;2;174;23-7-2015;10;7;Haris Hajradinovic;5;4441;;3562;1.246771477;1172;1357;1115;482;198;7;770;1011;998;754;15;;;0.003377618;0.004211117;;
;;2;175;23-7-2015;10;6;Hatem Elhamed;2;4134;;3562;1.160583942;1524;988;686;411;426;18;825;590;885;925;0;;;0;0;;
;;2;176;23-7-2015;10;9;Sven Kums;5;4242;;3562;1.190903987;1528;933;855;538;256;13;716;704;844;1119;133;;;0.031353135;0.037338574;;
;;2;177;23-7-2015;10;10;Danijel Milicevic;6;4759;;3562;1.336047165;1141;1847;964;530;194;2;841;687;1079;641;12;;;0.002521538;0.003368894;;
;;2;178;23-7-2015;10;11;Renato Neto;5;4524;;3562;1.270072993;1650;960;913;497;372;22;106;764;797;1329;566;;;0.125110522;0.158899495;;
;;2;179;23-7-2015;10;12;Lasse Nielsen;5;3822;;3562;1.072992701;1500;875;654;414;234;10;842;569;553;1190;354;;;0.092621664;0.099382369;;
;;2;180;23-7-2015;10;13;Mustapha Oussalah;4;4122;;3562;1.157215048;1879;893;667;380;168;13;866;715;987;753;0;;;0;0;;
;;2;181;23-7-2015;10;15;Marko Poletanovic;7;4166;;3562;1.169567659;1767;981;747;349;217;14;596;701;765;1133;312;;;0.074891983;0.087591241;;
;;2;182;23-7-2015;10;16;Rafael Rafinha;6;4079;;3562;1.145143178;1613;866;827;403;262;11;633;526;827;1227;324;;;0.079431233;0.090960135;;
;;2;183;23-7-2015;10;17;Benito Raman;5;3777;;3562;1.060359349;1244;861;718;559;272;14;750;888;1067;818;0;;;0;0;;
;;2;184;23-7-2015;10;18;Kenneth Saief;5;4368;;3562;1.226277372;1498;1374;781;373;188;24;399;754;800;1052;539;;;0.123397436;0.151319483;;
;;2;185;23-7-2015;10;19;Moses Simon;4;3668;;3562;1.029758563;1316;845;724;411;239;1;1087;718;953;497;65;;;0.017720829;0.018248175;;
;;2;186;23-7-2015;10;20;Yaya Soumahoro;5;3853;;3562;1.081695677;1523;875;629;387;320;22;734;854;694;1072;121;;;0.031404101;0.03396968;;
;;2;187;23-7-2015;10;21;Serge Tabekou;4;4227;;3562;1.186692869;1288;1317;818;439;270;16;792;439;557;931;176;;;0.041637095;0.049410444;;
;;2;188;23-7-2015;10;22;Hannes Van Der Bruggen;6;4547;;3562;1.276530039;1622;1058;840;596;305;20;839;664;744;1169;115;;;0.025291401;0.032285233;;
;;2;189;23-7-2015;10;23;Uros Vitas;7;3895;;3562;1.093486805;1647;947;595;234;365;72;485;584;498;1564;394;;;0.101155327;0.110612016;;
;;2;190;29-7-2015;11;1;Nana Asare;3;4014;;3793;1.058265225;1505;1315;589;232;257;7;756;702;960;278;645;;;0.160687593;0.170050092;;
;;2;191;29-7-2015;11;2;Kalifa Coulibaly;4;4554;;3793;1.200632745;1649;1358;644;308;462;9;738;709;1121;1008;217;;;0.047650417;0.057210651;;
;;2;192;29-7-2015;11;3;Brecht Dejaegere;3;4501;;3793;1.186659636;1653;1246;850;437;181;2;988;889;1176;463;197;;;0.043768052;0.05193778;;
;;2;193;29-7-2015;11;4;Laurent Depoitre;3;4354;;3793;1.147904034;1741;1258;695;305;230;3;1072;1173;553;174;0;;;0;0;;
;;2;194;29-7-2015;11;5;Thomas Foket;4;4797;;3793;1.264698128;1604;1174;1013;547;310;5;637;1043;1115;621;302;;;0.062956014;0.079620353;;
;;2;195;29-7-2015;11;6;Hatem Elhamed;3;4376;;3793;1.153704192;1659;1293;801;228;251;6;967;830;517;526;0;;;0;0;;
;;2;196;29-7-2015;11;9;Sven Kums;3;4362;;3793;1.150013182;1706;1159;876;312;179;1;881;1074;274;306;329;;;0.075424117;0.086738729;;
;;2;197;29-7-2015;11;10;Danijel Milicevic;3;4345;;3793;1.145531242;1656;1012;762;462;333;4;996;876;252;418;206;;;0.047410817;0.054310572;;
;;2;198;29-7-2015;11;11;Renato Neto;4;4390;;3793;1.157395202;1452;1145;1012;366;259;7;1158;897;930;304;464;;;0.105694761;0.122330609;;
;;2;199;29-7-2015;11;12;Lasse Nielsen;3;4347;;3793;1.146058529;1594;1351;682;346;242;2;1021;815;841;575;343;;;0.078904992;0.090429739;;
;;2;200;29-7-2015;11;14;Nicklas Pedersen;3;2766;;3793;0.72923807;1284;888;304;115;75;3;1358;879;690;125;0;;;0;0;;
;;2;201;29-7-2015;11;15;Marko Poletanovic;3;4773;;3793;1.258370683;1627;1382;993;415;219;5;690;1220;635;285;531;;;0.111250786;0.139994727;;
;;2;202;29-7-2015;11;16;Rafael Rafinha;4;4396;;3793;1.158977063;1668;1186;646;438;294;2;799;764;834;543;214;;;0.048680619;0.056419721;;
;;2;203;29-7-2015;11;17;Benito Raman;4;4446;;3793;1.172159241;1540;1222;900;369;283;5;950;1087;734;646;0;;;0;0;;
;;2;204;29-7-2015;11;18;Kenneth Saief;4;4538;;3793;1.196414448;1778;1055;958;366;228;5;1104;890;890;308;430;;;0.094755399;0.113366728;;
;;2;205;29-7-2015;11;19;Moses Simon;2;3978;;3793;1.048774057;1261;1172;877;263;259;0;1067;874;938;596;169;;;0.04248366;0.044555761;;
;;2;206;29-7-2015;11;20;Yaya Soumahoro;2;4386;;3793;1.156340627;1485;1463;722;228;328;6;804;895;1004;590;333;;;0.075923393;0.087793303;;
;;2;207;29-7-2015;11;21;Serge Tabekou;3;2712;;3793;0.715001318;1111;750;412;163;115;8;728;656;432;194;0;;;0;0;;
;;2;208;29-7-2015;11;22;Hannes Van Der Bruggen;4;4844;;3793;1.277089375;1793;1271;923;415;309;3;778;1026;689;326;317;;;0.065441784;0.083575007;;
;;2;209;29-7-2015;11;23;Uros Vitas;3;4238;;3793;1.117321381;1635;1235;714;307;193;20;813;1036;970;421;138;;;0.032562529;0.03638281;;
;;2;210;3-8-2015;12;1;Nana Asare;7;10194;;4314;2.363004172;897;1899;7116;240;0;0;1002;568;193;1072;1205;;;0.118206788;0.279323134;;
;;2;211;3-8-2015;12;2;Kalifa Coulibaly;7;10081;;4314;2.336810385;813;2857;6084;304;0;0;523;1068;598;775;1290;;;0.127963496;0.299026426;;
;;2;212;3-8-2015;12;3;Brecht Dejaegere;9;11310;;4314;2.621696801;477;2471;7546;779;19;0;582;1108;379;1367;855;;;0.075596817;0.198191933;;
;;2;213;3-8-2015;12;5;Thomas Foket;6;9553;;4314;2.214418173;367;5226;3527;367;32;0;945;848;456;1338;566;;;0.059248404;0.131200742;;
;;2;214;3-8-2015;12;6;Hatem Elhamed;9;5554;;4314;1.287436254;3954;1571;0;0;0;0;785;1017;253;2118;0;;;0;0;;
;;2;215;3-8-2015;12;9;Sven Kums;6;7754;;4314;1.797403802;296;2690;4643;111;0;0;18;266;585;992;779;;;0.100464277;0.180574873;;
;;2;216;3-8-2015;12;11;Renato Neto;8;10424;;4314;2.416318962;415;2278;7273;431;0;0;507;1269;254;788;1384;;;0.13277053;0.320815948;;
;;2;217;3-8-2015;12;12;Lasse Nielsen;7;11209;;4314;2.598284655;525;2482;8007;159;18;0;361;1135;387;829;1481;;;0.13212597;0.343300881;;
;;2;218;3-8-2015;12;13;Mustapha Oussalah;5;10509;;4314;2.436022253;718;2223;7350;180;0;0;1007;686;1108;1075;136;;;0.012941288;0.031525267;;
;;2;219;3-8-2015;12;16;Rafael Rafinha;9;10447;;4314;2.42165044;434;4274;5541;169;0;0;295;1019;375;611;1828;;;0.174978463;0.423736671;;
;;2;220;3-8-2015;12;18;Kenneth Saief;9;10926;;4314;2.532684284;439;2408;6711;1263;72;0;1163;513;198;1110;985;;;0.090151931;0.228326379;;
;;2;221;3-8-2015;12;19;Moses Simon;9;11277;;4314;2.614047288;379;2373;6590;1864;15;0;487;1240;268;485;1747;;;0.154917088;0.404960593;;
;;2;222;3-8-2015;12;20;Yaya Soumahoro;10;10222;;4314;2.369494669;533;4852;4653;147;0;0;294;1232;265;1351;961;;;0.094012913;0.222763097;;
;;2;223;3-8-2015;12;21;Serge Tabekou;7;9920;;4314;2.299490032;433;5692;3663;79;13;0;526;890;288;733;1652;;;0.166532258;0.382939268;;
;;2;224;3-8-2015;12;22;Hannes Van Der Bruggen;7;10386;;4314;2.407510431;419;3833;5148;933;9;0;975;826;200;936;1200;;;0.11554015;0.278164117;;
;;2;225;3-8-2015;12;23;Uros Vitas;5;8165;;4314;1.892675012;969;6988;169;8;0;0;485;938;437;1156;1094;;;0.133986528;0.253592953;;
;;2;226;10-8-2015;13;1;Nana Asare;3;3949;;5111;0.772647231;98;3844;0;0;0;0;731;1948;1324;1049;38;;;0.009622689;0.007434944;;
;;2;227;10-8-2015;13;3;Brecht Dejaegere;2;4186;;5111;0.819017805;168;3917;89;0;0;0;68;1314;131;0;0;;;0;0;;
;;2;228;10-8-2015;13;4;Laurent Depoitre;4;3718;;5111;0.727450597;284;3309;114;0;0;0;123;1447;0;0;0;;;0;0;;
;;2;229;10-8-2015;13;5;Thomas Foket;2;4134;;5111;0.808843671;152;3558;415;0;0;0;118;836;1283;1234;1635;;;0.395500726;0.319898259;;
;;2;230;10-8-2015;13;8;Erik Johansson;3;4233;;5111;0.828213657;534;3648;43;0;0;0;75;1595;0;0;0;;;0;0;;
;;2;231;10-8-2015;13;9;Sven Kums;2;4407;;5111;0.862257875;100;4239;65;0;0;0;0;0;0;0;0;;;0;0;;
;;2;232;10-8-2015;13;10;Danijel Milicevic;4;3600;;5111;0.704363138;196;3393;3;0;0;0;166;877;1163;0;0;;;0;0;;
;;2;233;10-8-2015;13;11;Renato Neto;2;3137;;5111;0.613774212;1126;1923;18;0;2;0;1330;1502;968;1082;180;;;0.057379662;0.035218157;;
;;2;234;10-8-2015;13;12;Lasse Nielsen;2;4709;;5111;0.921346116;2032;1503;653;209;87;5;5;2;16;0;0;;;0;0;;
;;2;235;12-8-2015;14;1;Nana Asare;8;5543;;3060;1.811437908;1212;2537;209;1429;118;0;698;772;138;360;405;;;0.073065127;0.132352941;;
;;2;236;12-8-2015;14;4;Laurent Depoitre;8;7231;;3060;2.363071895;676;3878;265;2107;294;0;781;718;551;525;427;;;0.059051307;0.139542484;;
;;2;237;12-8-2015;14;5;Thomas Foket;7;7649;;3060;2.499673203;619;4196;346;1275;1187;1;1026;429;557;711;133;;;0.017387894;0.043464052;;
;;2;238;12-8-2015;14;7;Haris Hajradinovic;9;7287;;3060;2.381372549;900;3649;630;1196;891;0;435;813;361;587;820;;;0.112529162;0.267973856;;
;;2;239;12-8-2015;14;6;Hatem Elhamed;10;6076;;3060;1.985620915;1938;2295;1416;391;22;0;572;861;605;812;0;;;0;0;;
;;2;240;12-8-2015;14;10;Danijel Milicevic;9;7256;;3060;2.37124183;529;4097;447;2150;21;0;896;238;418;564;419;;;0.057745314;0.136928105;;
;;2;241;12-8-2015;14;11;Renato Neto;9;7246;;3060;2.367973856;926;3502;237;1886;680;3;505;944;402;549;566;;;0.078112062;0.18496732;;
;;2;242;12-8-2015;14;12;Lasse Nielsen;7;7381;;3060;2.412091503;754;3822;476;2111;194;1;407;630;586;644;663;;;0.089825227;0.216666667;;
;;2;243;12-8-2015;14;13;Mustapha Oussalah;7;4507;;3060;1.472875817;1208;839;875;1360;209;1;103;278;642;654;17;;;0.00377191;0.005555556;;
;;2;244;12-8-2015;14;15;Marko Poletanovic;5;6832;;3060;2.232679739;1991;2008;207;1890;720;0;762;456;347;621;704;;;0.103044496;0.230065359;;
;;2;245;12-8-2015;14;16;Rafael Rafinha;8;7255;;3060;2.370915033;787;3635;324;1873;611;0;292;829;303;528;791;;;0.109028256;0.258496732;;
;;2;246;12-8-2015;14;18;Kenneth Saief;9;7258;;3060;2.371895425;1129;3297;314;1797;698;0;979;272;607;428;279;;;0.038440342;0.091176471;;
;;2;247;12-8-2015;14;19;Moses Simon;6;5494;;3060;1.795424837;1327;2946;610;581;0;0;474;783;352;641;585;;;0.106479796;0.191176471;;
;;2;248;12-8-2015;14;20;Yaya Soumahoro;9;6607;;3060;2.159150327;686;3705;1789;305;98;3;490;917;213;685;528;;;0.079915241;0.17254902;;
;;2;249;12-8-2015;14;21;Serge Tabekou;7;4287;;3060;1.400980392;595;1842;1282;459;88;2;139;148;154;535;766;;;0.178679729;0.250326797;;
;;2;250;12-8-2015;14;22;Hannes Van Der Bruggen;8;7627;;3060;2.49248366;745;3870;182;1150;1659;0;802;480;403;615;456;;;0.059787597;0.149019608;;
;;2;251;7-9-2015;15;1;Nana Asare;2;10300;;5217;1.97431474;111;8539;1615;0;0;0;132;56;148;3436;0;;;0;0;;
;;2;252;7-9-2015;15;2;Kalifa Coulibaly;4;10132;;5217;1.942112325;414;6679;3008;0;0;0;487;102;109;3309;41;;;0.004046585;0.007858923;;
;;2;253;7-9-2015;15;3;Brecht Dejaegere;3;10803;;5217;2.070730305;203;7117;3457;4;0;0;465;64;100;3519;0;;;0;0;;
;;2;254;7-9-2015;15;4;Laurent Depoitre;5;10590;;5217;2.029902243;41;8091;2452;0;0;0;16;63;1745;1852;0;;;0;0;;
;;2;255;7-9-2015;15;5;Thomas Foket;4;10624;;5217;2.036419398;104;7858;2647;0;0;0;26;59;550;3012;5;;;0.000470633;0.000958405;;
;;2;256;7-9-2015;15;7;Haris Hajradinovic;4;10085;;5217;1.933103316;84;7400;2559;18;5;0;57;99;259;3462;136;;;0.013485374;0.026068622;;
;;2;257;7-9-2015;15;6;Hatem Elhamed;8;9883;;5217;1.894383745;244;8479;1117;4;0;0;348;70;409;3170;0;;;0;0;;
;;2;258;7-9-2015;15;9;Sven Kums;5;1883;;5217;0.360935403;402;1333;78;0;0;0;1126;1673;819;0;0;;;0;0;;
;;2;259;7-9-2015;15;24;Thomas Matton;5;5122;;5217;0.981790301;684;4375;0;0;0;1;142;157;794;2232;89;;;0.017376025;0.017059613;;
;;2;260;7-9-2015;15;10;Danijel Milicevic;6;9238;;5217;1.770749473;209;8919;80;0;0;0;201;95;2678;796;0;;;0;0;;
;;2;261;7-9-2015;15;25;Stefan Mitrovic;6;5245;;5217;1.005367069;1163;2247;1700;0;0;1;1647;757;794;202;0;;;0;0;;
;;2;262;7-9-2015;15;11;Renato Neto;4;10945;;5217;2.097949013;64;6674;4185;8;0;0;228;105;111;3490;10;;;0.000913659;0.00191681;;
;;2;263;7-9-2015;15;12;Lasse Nielsen;3;10038;;5217;1.924094307;456;8025;1532;0;0;0;263;88;670;2924;0;;;0;0;;
;;2;264;7-9-2015;15;14;Nicklas Pedersen;3;4729;;5217;0.906459651;2976;1624;6;0;0;0;207;706;2372;480;0;;;0;0;;
;;2;265;7-9-2015;15;16;Rafael Rafinha;6;9763;;5217;1.87138202;210;8571;948;0;0;0;376;102;158;3417;0;;;0;0;;
;;2;266;7-9-2015;15;17;Benito Raman;7;9553;;5217;1.831129001;260;8940;328;0;0;0;491;218;815;2781;0;;;0;0;;
;;2;267;7-9-2015;15;18;Kenneth Saief;5;10900;;5217;2.089323366;368;7837;2677;0;0;0;258;240;304;3317;0;;;0;0;;
;;2;268;7-9-2015;15;20;Yaya Soumahoro;5;9654;;5217;1.850488787;248;8684;695;0;0;0;454;124;132;3405;0;;;0;0;;
;;2;269;7-9-2015;15;22;Hannes Van Der Bruggen;3;11322;;5217;2.170212766;155;4390;6755;0;0;0;506;50;240;3345;0;;;0;0;;
;;2;270;7-9-2015;15;23;Uros Vitas;4;7076;;5217;1.356335058;4014;2811;229;0;0;0;376;131;1299;2300;0;;;0;0;;
;;1;271;11-9-2016;16;1;Nana Asare;10;10936;;8241;1.327023419;2972;2625;2358;1361;981;37;505;842;538;2009;2271;;;0.207662765;0.275573353;;
;;1;272;11-9-2016;16;2;Kalifa Coulibaly;8;10374;;8241;1.258827812;4283;2241;1480;759;847;38;942;1632;1508;1402;277;;;0.026701369;0.033612426;;
;;1;273;11-9-2016;16;29;Ofir Davidzada;8;12919;;8241;1.567649557;4007;3058;3001;1431;836;29;766;1036;2075;3056;251;;;0.019428748;0.030457469;;
;;1;274;11-9-2016;16;3;Brecht Dejaegere;9;13264;;8241;1.609513409;3383;3447;3485;1593;631;19;710;1653;1443;3204;456;;;0.03437877;0.055333091;;
;;1;275;11-9-2016;16;33;Siebe Horemans;6;11157;;8241;1.353840553;3758;2710;2261;898;856;35;121;1014;2482;2929;450;;;0.040333423;0.054605024;;
;;1;276;11-9-2016;16;24;Thomas Matton;10;13024;;8241;1.580390729;3534;3616;2835;1452;1080;35;502;1194;1205;2029;2350;;;0.180436118;0.285159568;;
;;1;277;11-9-2016;16;11;Renato Neto;8;11775;;8241;1.428831452;3860;2663;2379;1473;827;30;918;1371;1066;3343;188;;;0.01596603;0.022812765;;
;;1;278;11-9-2016;16;34;Ibrahim Rabiu;6;12132;;8241;1.472151438;3155;3073;2733;1534;982;39;599;1123;960;2058;2185;;;0.180102209;0.265137726;;
;;1;279;11-9-2016;16;18;Kenny Saief;7;13007;;8241;1.578327873;3582;3230;2538;1589;1451;30;1066;1129;964;1742;2130;;;0.163757976;0.258463779;;
;;1;280;11-9-2016;16;27;Lucas Schoofs;6;12379;;8241;1.502123529;3579;3476;2655;1124;917;34;537;996;1738;2547;1405;;;0.113498667;0.170489018;;
;;1;281;11-9-2016;16;31;Rob Schoofs;9;12702;;8241;1.541317801;3449;3437;3286;1342;695;15;835;1298;841;2410;1071;;;0.08431743;0.129959956;;
;;1;282;11-9-2016;16;22;Hannes Van Der Bruggen;10;13215;;8241;1.603567528;3326;3716;3435;1591;567;19;504;1170;1278;2185;2109;;;0.159591373;0.255915544;;